{"version":1,"defaultTimeframe":{"from":"now-2h","to":"now"},"sections":[{"id":"0","type":"markdown","markdown":"\nUsing Backstage templates, deploy (4) new applications to the internal development platform (IDP).  Backstage will create new application manifests within the Git repository.  ArgoCD will automatically detect and deploy the new application manifests to the Kubernetes cluster.  Dynatrace will automatically observe the new applications.\n\n* Onboard new applications using Backstage\n* Explore the new applications deployed by ArgoCD\n* Analyze the applications with Dynatrace\n    - Analyze without Segments\n"},{"id":"1","type":"markdown","markdown":"\nUse Backstage to create (4) new applications on the internal development platform (IDP).\n\n### Create New Component\n\nNavigate to Backstage (using port 30105 of your codespaces instance).  \n\n![Backstage Create](https://university.dynatrace.com/assets/50457/02_01_backstage_create.png)\n\nClick on `Create` near the top right corner of the page.\n\nFrom the Templates, locate `Create a New Application` and click on `Choose`.\n\n![Create a New Application](https://university.dynatrace.com/assets/50457/02_01_create_new_application.png)\n\nFollow the 4 step template to create a new application using these values:\n\n| Field                   | Value                       |\n|-------------------------|-----------------------------|\n| Project Name            | SimpleNodeService           |\n| Team Identifier         | team01                      |\n| Team Full Name          | Team 01                     |\n| Team Email              | team01@dynatrace.training   |\n| App Version             | 1.0.2                       |\n| Release Stage           | qa                          |\n| DORA Enabled            | enabled                     |\n| Include Security Scans  | enabled                     |\n| Include DT Config       | enabled                     |\n\n![Review and Create](https://university.dynatrace.com/assets/50457/02_01_review_and_create.png)\n\nReview the new application details and click `Create`.\n\nWait for the merge request to be merged automatically (1-2 minutes) and for ArgoCD to finish deploying the new app (3-5 minutes).\n\n### Create Additional Components\n\nRepeat the previous steps, 3 more times, to onboard a total of (4) applications.  Use the following values:\n\n| Field                   | Value                       | Value 2                    | Value 3                    | Value 4                    |\n|-------------------------|-----------------------------|----------------------------|----------------------------|----------------------------|\n| Project Name            | SimpleNodeService           | SimpleNodeService          | SimpleNodeService          | SimpleNodeService          |\n| Team Identifier         | team01                      | team01                     | team02                     | team02                     |\n| Team Full Name          | Team 01                     | Team 01                    | Team 02                    | Team 02                    |\n| Team Email              | team01@dynatrace.training   | team01@dynatrace.training  | team02@dynatrace.training  | team02@dynatrace.training  |\n| App Version             | 1.0.2                       | 1.0.2                      | 1.0.2                      | 1.0.2                      |\n| Release Stage           | qa                          | staging                    | qa                         | staging                    |\n| DORA Enabled            | enabled                     | enabled                    | enabled                    | enabled                    |\n| Include Security Scans  | enabled                     | enabled                    | enabled                    | enabled                    |\n| Include DT Config       | enabled                     | enabled                    | enabled                    | enabled                    |\n\n### Review New Components\n\n![All Components](https://university.dynatrace.com/assets/50457/02_01_all_components.png)\n\nIn your Backstage catalog, you should now have (4) components for the (4) new applications.\n\n### Validate App Deployment\n\nNavigate to the ArgoCD instance (using port 30100 of your codespaces instance).\n\n![ArgoCD Apps](https://university.dynatrace.com/assets/50457/02_01_argocd_apps_deployed.png)\n\nArgoCD will automatically deploy the new applications based on the manifests created in the Git repository by Backstage.\n\nArgoCD will reconcile the configurations every 3 minutes.  When a change is detected, it will automatically sync and deploy the changes to the Kubernetes cluster.  This process may take 5-10 minutes total for all (4) applications to be deployed successfully.\n\nWait for the apps to be deployed and for all (4) apps to show as `Healthy` and `Synced`.  In case of any issues with the sync, sync the app manually to try again."},{"id":"2","type":"markdown","markdown":"\nBrowse the new applications to test them and generate transactions.\n\n### Browse Applications\n\nNavigate to Backstage (using port 30105 of your codespaces instance).  Locate the (4) Components in the Catalog.\n\n![Browse Applications](https://university.dynatrace.com/assets/50457/02_02_browse_application.png)\n\nClick into each component.  Halfway down the page, locate the `Links` section.  Click on `Browse Application` to open the application in your browser.  Repeat this for all (4) components.  You should have (4) tabs open with the different SimpleNodeService applications.\n\n![Invoke Application](https://university.dynatrace.com/assets/50457/02_02_invoke_applications.png)\n\nThe application should load successfully.  Note the URL in the address bar of your browser to determine which instance you are viewing.\n\nClick on the `Echo` button several times to generate Echo transactions.\n\nClick on the `Invoke` button several times to generate Invoke transactions."},{"id":"3","type":"markdown","markdown":"\nExplore the observability data captured by Dynatrace for the new applications\n\n### Explore Kubernetes App\n\nLet's quickly validate that Dynatrace is properly monitoring our Platform Kubernetes Cluster. For this we open the Kubernetes App.\n\nLets validate that we have no issues across all layers of Kubernetes (cluster, namespaces, workloads ...).\n\nWe can also explore the ready-made dashboards to get more insights into e.g: Cluster health\n\n![Kubernets App](https://university.dynatrace.com/assets/50457/02_03_kubernetes_app.png)\n\nUse the Kubernetes App to locate the new applications.  Each application is deployed into its own namespace.  Check the status of the different components deployed into the namespace.\n\n### Explore IDP SimpleNodeServices Dashboard\n\nIf you haven't already, import the [IDP SimpleNodeServices](https://github.com/dynatrace-wwse/enablement-openpipeline-segments-iam/blob/main/lab-guide/assets/dynatrace/IDP_%20SimpleNodeServices_Dashboard.json) Dashboard into the Dynatrace environment.\n\n![IDP SimpleNodeServices Dashboard](https://university.dynatrace.com/assets/50457/02_03_idp_simplenodeservices_dashboard.png)\n\nUse the dashboard to observe the health of the SimpleNodeService applications/services deployed on the IDP.\n\nChange the variable selectors for `Namespace` to find the relevant details for the (4) application namespaces.\n\n"}]}