{"version":1,"defaultTimeframe":{"from":"now-2h","to":"now"},"sections":[{"id":"0","type":"markdown","markdown":"\n* Key Takeaways\n* Codespaces Cleanup"},{"id":"1","type":"markdown","markdown":"\n* Management Zones are still supported for Gen2 use cases\n    - Customers can continue to manage access and filter visualizations to Classic Dynatrace using MZ\n* Managing access and filtering visualizations with Grail uses IAM + Segments\n    - Manage access to data in Grail with IAM Policies, including record-level permission statements\n    - Filter visualizations with Grail using Segments\n* Customers should strategize their IAM Policies for data access management first before developing Segment configurations\n    - Segments are quick and reusable DQL query filters, not like management zones!\n* Segment feature improvements are coming\n    - Many of today’s limitations are due to the entity model not being in Grail\n* Best practice implementation sequence:\n    - Ingest data into Dynatrace, Configure OpenPipeline, Configure IAM, Configure Segments\n"},{"id":"2","type":"markdown","markdown":"\nDelete your codespaces instance when you are finished.\n\nNavigate to the GitHub Codespaces page at [https://github.com/codespaces/](https://github.com/codespaces/)\n\n![Codespaces Cleanup](https://university.dynatrace.com/assets/50457/06_02_codespaces_cleanup.png)\n\nLocate your instance, click the `...` button, and click `Delete`.\n\nWhen you're finished with the repository, you can delete your fork as well."}]}