{"version":1,"defaultTimeframe":{"from":"now-2h","to":"now"},"sections":[{"id":"0","type":"markdown","markdown":"\n### What You’ll Learn Today\nIn this lab we'll utilize the OpenTelemetry Collector deployed as a Deployment (Gateway) to collect application traces/spans, generated by OpenTelemetry, from a Kubernetes cluster and ship them to Dynatrace.\n\nLab tasks:\n1. Deploy OpenTelemetry Collector as a Deployment\n2. Configure OpenTelemetry Collector service pipeline for span enrichment\n3. Analyze application reliability via traces in Dynatrace\n\n![dynatrace otel service overview](https://university.dynatrace.com/assets/49339/traces-dt_otel_service_overview.png)\n![dynatrace otel service traces](https://university.dynatrace.com/assets/49339/traces-dt_otel_service_traces.png)\n\n"},{"id":"1","type":"markdown","markdown":"\n## Import Dashboard into Dynatrace\n\n[Dashboard](https://github.com/popecruzdt/dt-k8s-otel-o11y-traces/blob/code-spaces/dt-k8s-otel-o11y-traces_dt_dashboard.json)\n\n### Define workshop user variables\nIn your Github Codespaces Terminal:\n```\nDT_ENDPOINT=https://{your-environment-id}.live.dynatrace.com/api/v2/otlp\nDT_API_TOKEN={your-api-token}\nNAME=<INITIALS>-k8s-otel-o11y\n```\n\n### Move into home directory\nCommand:\n```sh\ncd ~\n```\n\n### Clone the `code-spaces` branch to your Codespaces instance\nCommand:\n```sh\ngit clone --single-branch --branch code-spaces https://github.com/popecruzdt/dt-k8s-otel-o11y-traces.git\n```\n\n### Move into the base directory\nCommand:\n```sh\ncd dt-k8s-otel-o11y-traces\n```"},{"id":"2","type":"markdown","markdown":"https://docs.dynatrace.com/docs/extend-dynatrace/opentelemetry/collector/deployment\n\nDistributed traces and their spans, generated by OpenTelemetry agents and SDKs, are exported from their origin to an `otlp` receiver.  These traces/spans can be sent directly to Dynatrace, using the OTLP ingest API.  However, it is highly recommended to use the OpenTelemetry Collector to process, filter, and manipulate the data first.\n\n### `otlp` receiver\nhttps://github.com/open-telemetry/opentelemetry-collector/tree/main/receiver/otlpreceiver\n\nAdding the `otlp` receiver allows us to receive telemetry from otel exporters, such as agents and other collectors.\n```yaml\nconfig: |\n    receivers:\n      otlp:\n        protocols:\n          grpc:\n            endpoint: 0.0.0.0:4317\n          http:\n            endpoint: 0.0.0.0:4318\n    service:\n      pipelines:\n        traces:\n          receivers: [otlp]\n          processors: [batch]\n          exporters: [otlphttp/dynatrace]\n```\n\n### Deploy OpenTelemetry Collector Deployment\nhttps://docs.dynatrace.com/docs/extend-dynatrace/opentelemetry/collector/deployment#tabgroup--dynatrace-docs--gateway\n\nThe gateway collector deployment pattern consists of applications (or other collectors) sending telemetry signals to a single OTLP endpoint provided by one or more collector instances running as a standalone service (for example, a deployment in Kubernetes), typically per cluster, per data center or per region.\n\n```yaml\n---\napiVersion: opentelemetry.io/v1alpha1\nkind: OpenTelemetryCollector\nmetadata:\n  name: dynatrace-traces\n  namespace: dynatrace\nspec:\n  envFrom:\n  - secretRef:\n      name: dynatrace-otelcol-dt-api-credentials\n  mode: \"deployment\"\n  image: \"ghcr.io/dynatrace/dynatrace-otel-collector/dynatrace-otel-collector:latest\"\n```\nCommand:\n```sh\nkubectl apply -f opentelemetry/collector/traces/otel-collector-traces-crd-01.yaml\n```\nSample output:\n> opentelemetrycollector.opentelemetry.io/dynatrace-traces created\n\n### Validate running pod(s)\nCommand:\n```sh\nkubectl get pods -n dynatrace\n```\nSample output:\n| NAME                                       | READY | STATUS  | RESTARTS | AGE |\n|--------------------------------------------|-------|---------|----------|-----|\n| dynatrace-traces-collector-559d5b9d77-ms24p | 1/1   | Running | 0        | 1m  |\n\n### Export OpenTelemetry data from `astronomy-shop` to OpenTelemetry Collector - Dynatrace Distro\n\nThe `astronomy-shop` demo application has the OpenTelemetry agents and SDKs already instrumented.  These agents and SDKs are generating traces (logs and metrics too) that are being exported to a Collector running within the `astronomy-shop` namespace bundled into the application deployment.  We want these traces to be shipped to Dynatrace as well.\n\n### Customize astronomy-shop helm values\n\nOpenTelemetry data created by agents and SDKs should include `service.name` and `service.namespace` attributes.  We will make the `service.namespace` unique to our deployment using our `NAME` environment variable declared earlier, using a `sed` command on the Helm chart's `values.yaml` file.\n\n```yaml\ndefault:\n  # List of environment variables applied to all components\n  env:\n    - name: OTEL_SERVICE_NAME\n      valueFrom:\n        fieldRef:\n          apiVersion: v1\n          fieldPath: \"metadata.labels['app.kubernetes.io/component']\"\n    - name: OTEL_COLLECTOR_NAME\n      value: '{{ include \"otel-demo.name\" . }}-otelcol'\n    - name: OTEL_EXPORTER_OTLP_METRICS_TEMPORALITY_PREFERENCE\n      value: cumulative\n    - name: OTEL_RESOURCE_ATTRIBUTES\n      value: 'service.name=$(OTEL_SERVICE_NAME),service.namespace=NAME_TO_REPLACE,service.version={{ .Chart.AppVersion }}'\n```\n> service.namespace=NAME_TO_REPLACE\\\n> service.namespace=INITIALS-k8s-otel-o11y\n\nCommand:\n```sh\nsed -i \"s,NAME_TO_REPLACE,$NAME,\" astronomy-shop/collector-values.yaml\n```\n\n### Update `astronomy-shop` OpenTelemetry Collector export endpoint via helm\n\nOur `collector-values.yaml` contains new configurations for the application so that the `astronomy-shop` Collector includes exporters that ship to the Collectors deployed in the `dynatrace` namespace.\n\n```yaml\nexporters:\n  # Dynatrace OTel Collectors\n  otlphttp/dttraces:\n    endpoint: http://dynatrace-traces-collector.dynatrace.svc.cluster.local:4318\n  otlphttp/dtlogs:\n    endpoint: http://dynatrace-logs-collector.dynatrace.svc.cluster.local:4318\n  otlphttp/dtmetrics:\n    endpoint: http://dynatrace-metrics-cluster-collector.dynatrace.svc.cluster.local:4318\n```\n\nCommand:\n```sh\nhelm upgrade astronomy-shop open-telemetry/opentelemetry-demo --values astronomy-shop/collector-values.yaml --namespace astronomy-shop --version \"0.31.0\"\n```\nSample output:\n> NAME: astronomy-shop\\\n> LAST DEPLOYED: Thu Jun 27 20:58:38 2024\\\n> NAMESPACE: astronomy-shop\\\n> STATUS: deployed\\\n> REVISION: 2\n\n### OpenTelemetry Traces in Dynatrace\nResult:\n\nOpen the Distributed Traces Classic App to view the traces in Dynatrace (you can use the new Distributed Traces App if available as well).\n\n![dt distributed traces](https://university.dynatrace.com/assets/49339/traces-dt_distributed_traces.png)\n\nLocate a trace from the `checkoutservice` service with a trace/request name of `oteldemo.CheckoutService/PlaceOrder`.  This is a nice end-to-end trace.\n\n![dt trace waterfall](https://university.dynatrace.com/assets/49339/traces-dt_trace_waterfall.png)\n\nClick on a span to see the various attributes that are attached to the span.\n\n![dt trace attributes](https://university.dynatrace.com/assets/49339/traces-dt_trace_attributes.png)\n\nThese attributes are good, but we can add more to provide better Kubernetes context to these transactions.\n\n[Refer to the Dynatrace documentation for more details](https://docs.dynatrace.com/docs/observe-and-explore/distributed-traces/analysis/get-started)\n\n## k8sattributes Processor\n\n### Add Kubernetes Attributes with the `k8sattributes` Processor\n\nThe Kubernetes Attributes Processor automatically discovers Kubernetes pods, extracts their metadata, and adds the extracted metadata to spans, metrics, and logs as resource attributes.\n\nThe Kubernetes Attributes Processor is one of the most important components for a collector running in Kubernetes. Any collector receiving application data should use it. Because it adds Kubernetes context to your telemetry, the Kubernetes Attributes Processor lets you correlate your application’s traces, metrics, and logs signals with your Kubernetes telemetry, such as pod metrics and traces.\n\n### Create `clusterrole` with read access to Kubernetes objects\n\nSince the processor uses the Kubernetes API, it needs the correct permission to work correctly. For most use cases, you should give the service account running the collector the following permissions via a ClusterRole.\n\n```yaml\n---\napiVersion: rbac.authorization.k8s.io/v1\nkind: ClusterRole\nmetadata:\n  name: otel-collector-k8s-clusterrole-traces\nrules:\n- apiGroups: [\"\"]\n  resources: [\"pods\", \"namespaces\", \"nodes\"]\n  verbs: [\"get\", \"watch\", \"list\"]\n- apiGroups: [\"apps\"]\n  resources: [\"replicasets\"]\n  verbs: [\"get\", \"list\", \"watch\"]\n- apiGroups: [\"extensions\"]\n  resources: [\"replicasets\"]\n  verbs: [\"get\", \"list\", \"watch\"]\n```\nCommand:\n```sh\nkubectl apply -f opentelemetry/rbac/otel-collector-k8s-clusterrole-traces.yaml\n```\nSample output:\n> clusterrole.rbac.authorization.k8s.io/otel-collector-k8s-clusterrole-traces created\n\n### Create `clusterrolebinding` for OpenTelemetry Collector service account\n```yaml\n---\napiVersion: rbac.authorization.k8s.io/v1\nkind: ClusterRoleBinding\nmetadata:\n  name: otel-collector-k8s-clusterrole-traces-crb\nsubjects:\n- kind: ServiceAccount\n  name: dynatrace-traces-collector\n  namespace: dynatrace\nroleRef:\n  kind: ClusterRole\n  name: otel-collector-k8s-clusterrole-traces\n  apiGroup: rbac.authorization.k8s.io\n```\nCommand:\n```sh\nkubectl apply -f opentelemetry/rbac/otel-collector-k8s-clusterrole-traces-crb.yaml\n```\nSample output:\n> clusterrolebinding.rbac.authorization.k8s.io/otel-collector-k8s-clusterrole-traces-crb created\n\n### Add `k8sattributes` processor\nhttps://opentelemetry.io/docs/kubernetes/collector/components/#kubernetes-attributes-processor\n\nThe `k8sattributes` processor will query metadata from the cluster about the k8s objects.  The Collector will then marry this metadata to the telemetry.\n\n```yaml\nk8sattributes:\n    auth_type: \"serviceAccount\"\n    passthrough: false\n        filter:\n        node_from_env_var: KUBE_NODE_NAME\n    extract:\n        metadata:\n            - k8s.namespace.name\n            - k8s.deployment.name\n            - k8s.daemonset.name\n            - k8s.job.name\n            - k8s.cronjob.name\n            - k8s.replicaset.name\n            - k8s.statefulset.name\n            - k8s.pod.name\n            - k8s.pod.uid\n            - k8s.node.name\n            - k8s.container.name\n            - container.id\n            - container.image.name\n            - container.image.tag\n        labels:\n        - tag_name: app.label.component\n            key: app.kubernetes.io/component\n            from: pod\n    pod_association:\n        - sources:\n            - from: resource_attribute\n              name: k8s.pod.uid\n        - sources:\n            - from: resource_attribute\n              name: k8s.pod.name\n        - sources:\n            - from: resource_attribute\n              name: k8s.pod.ip\n        - sources:\n            - from: connection\n```\nCommand:\n```sh\nkubectl apply -f opentelemetry/collector/traces/otel-collector-traces-crd-02.yaml\n```\nSample output:\n> opentelemetrycollector.opentelemetry.io/dynatrace-traces configured\n\n### Validate running pod(s)\nCommand:\n```sh\nkubectl get pods -n dynatrace\n```\nSample output:\n| NAME                                       | READY | STATUS  | RESTARTS | AGE |\n|--------------------------------------------|-------|---------|----------|-----|\n| dynatrace-traces-collector-559d5b9d77-xn84p | 1/1   | Running | 0        | 1m  |\n\n\n### OpenTelemetry Traces in Dynatrace with Kubernetes Attributes\nDynatrace utilizes the `service.name`, `k8s.workload.name` and `k8s.namespace.name` to generate the unified service.\n\nhttps://docs.dynatrace.com/docs/platform-modules/applications-and-microservices/services/service-detection-and-naming/service-types/unified-service#service-detection\n\nResult:\n\nWith the additional Kubernetes attributes attached to the spans, Dynatrace will detect new unified services.\n\n![dt unified service detection](https://university.dynatrace.com/assets/49339/traces-dt_otel_unified_service_namespace.png)\n\nLocate a new trace from the new `checkoutservice` service with a trace/request name of `oteldemo.CheckoutService/PlaceOrder`.  Click on a span to see the new resource attributes that have been added to the span.\n\n![dt otel k8sattributes processor](https://university.dynatrace.com/assets/49339/traces-dt_otel_k8sattributes_processor.png)\n\n## resourcedetection Processor\n\n### Add `resourcedetection` processor\nhttps://github.com/open-telemetry/opentelemetry-collector-contrib/blob/main/processor/resourcedetectionprocessor/README.md#gcp-metadata\n\nThe resource detection processor can be used to detect resource information from the host, in a format that conforms to the OpenTelemetry resource semantic conventions, and append or override the resource value in telemetry data with this information.  Detectors are available for AWS, Azure, GCP, and several other platforms; see the documentation for more details.\n\n```yaml\nprocessors:\n  resourcedetection/gcp:\n    detectors: [env, gcp]\n    timeout: 2s\n    override: false\n```\n\n**note:** for this lab, the Kind cluster does not have cloud metadata to collect.  These values will be spoofed for the purposes of this lab.\n```yaml\nresource/kind:\n  attributes:\n  - key: cloud.account.id\n    value: dt-k8s-o11y-account\n    action: insert\n  - key: k8s.cluster.name\n    value: dt-k8s-o11y-kind\n    action: insert\n```\n\nCommand:\n```sh\nkubectl apply -f opentelemetry/collector/traces/otel-collector-traces-crd-03.yaml\n```\nSample output:\n> opentelemetrycollector.opentelemetry.io/dynatrace-traces configured\n\n### Validate running pod(s)\nCommand:\n```sh\nkubectl get pods -n dynatrace\n```\nSample output:\n| NAME                                       | READY | STATUS  | RESTARTS | AGE |\n|--------------------------------------------|-------|---------|----------|-----|\n| dynatrace-traces-collector-559d5b9d77-rp21d | 1/1   | Running | 0        | 1m  |\n\n\n### OpenTelemetry Traces in Dynatrace with Cloud Attributes\nResult:\n\nLocate a new trace from the new `checkoutservice` service with a trace/request name of `oteldemo.CheckoutService/PlaceOrder`.  Click on a span to see the new resource attributes that have been added to the span.\n\n![dt otel resourcedetection processor](https://university.dynatrace.com/assets/49339/traces-dt_otel_resourcedetection_processor.png)\n** In a real world scenario, `cloud.account.id` may be considered sensitive data; blurred for this reason.\n\n## resource Processor\n\n### Add `resource` processor (attributes)\nhttps://github.com/open-telemetry/opentelemetry-collector-contrib/tree/main/processor/resourceprocessor\n\nThe `resource` processor allows us to directly add, remove, or change resource attributes on the telemetry.  View the documentation for more details.\n\nWe will use this processor to make the follow changes to our telemetry:\n* `k8s.pod.ip` values in our data are either the same or invalid; delete the useless attribute\n* `telemetry.sdk.name` set to `opentelemetry` will allow us to easily identify data captured through OpenTelemetry\n* `dynatrace.otel.collector` is a non-standardized attribute that we made up to help us identify which Collector captured this data\n* `dt.security_context` is a Dynatrace specific attribute that we use to manage user permissions to the telemetry\n    * This could also be set using OpenPipeline, but this puts control of this attribute's value at the app/infra layer (optionally)\n\n```yaml\nprocessors:\n    resource:\n        attributes:\n        - key: k8s.pod.ip\n          action: delete\n        - key: telemetry.sdk.name\n          value: opentelemetry\n          action: insert\n        - key: dynatrace.otel.collector\n          value: dynatrace-traces\n          action: insert\n        - key: dt.security_context\n          from_attribute: k8s.cluster.name\n          action: insert\n```\nCommand:\n```sh\nkubectl apply -f opentelemetry/collector/traces/otel-collector-traces-crd-04.yaml\n```\nSample output:\n> opentelemetrycollector.opentelemetry.io/dynatrace-traces configured\n\n### Validate running pod(s)\nCommand:\n```sh\nkubectl get pods -n dynatrace\n```\nSample output:\n| NAME                                       | READY | STATUS  | RESTARTS | AGE |\n|--------------------------------------------|-------|---------|----------|-----|\n| dynatrace-traces-collector-559d5b9d77-ny98q | 1/1   | Running | 0        | 1m  |\n\n\n### OpenTelemetry Traces in Dynatrace with Custom Resource Attributes\nResult:\n\nLocate a new trace from the new `checkoutservice` service with a trace/request name of `oteldemo.CheckoutService/PlaceOrder`.  Click on a span to see the new resource attributes that have been added to the span.\n\n![dt otel resource processor](https://university.dynatrace.com/assets/49339/traces-dt_otel_resource_processor.png)\n\n### Dynatrace Dashboard with Unified Services from OpenTelemetry\n\nOpen the Dashboard that you imported to view the throughput, response time, and failure metrics for the `astronomy-shop` application services.\n\n![dashboard](https://university.dynatrace.com/assets/49339/traces-dt_traces_dashboard.png)\n\n"},{"id":"3","type":"markdown","markdown":"\n### What You Learned Today \nBy completing this lab, you've successfully deployed the OpenTelemetry Collector to collect traces, enrich span attributes for better context, and ship those traces/spans to Dynatrace for analysis.\n- The OpenTelemetry Collector was deployed as a Deployment, behaving as a Gateway on the cluster\n- The Dynatrace Distro of OpenTelemetry Collector includes supported modules needed to ship traces to Dynatrace\n    * The `otlp` receiver receives traces (and other signals) from OpenTelemetry exporters via gRPC/HTTP\n    * The `k8sattributes` processor enriches the spans with Kubernetes attributes\n    * The `resourcedetection` processor enriches the spans with cloud and cluster (GCP/GKE) attributes\n    * The `resource` processor enriches the spans with custom (resource) attributes\n- Dynatrace allows you to perform powerful queries and analysis of the trace/span data"}]}