{"version":1,"defaultTimeframe":{"from":"now-2h","to":"now"},"sections":[{"id":"0","type":"markdown","markdown":"\nDuring this hands-on training, we’ll learn how to capture logs, traces, and metrics from Kubernetes using OpenTelemetry and ship them to Dynatrace for analysis.  This will demonstrate how to use Dynatrace with OpenTelemetry; without any Dynatrace native components installed on the Kubernetes cluster (Operator, OneAgent, ActiveGate, etc.).\n\n### Training Prerequisites\n\n* Codespaces Cluster Set Up\n* Generate Dynatrace Access Token\n* Environment Prep\n* Deploy OpenTelemetry Operator\n\n"},{"id":"1","type":"markdown","markdown":"\nCreate a new instance or use an existing instance of the `dt-k8s-otel-o11y-cluster` Codespaces.\n\n[dt-k8s-otel-o11y-cluster](https://github.com/popecruzdt/dt-k8s-otel-o11y-cluster/tree/code-spaces)\n\nNavigate to the Github repository.  Click on `Code`.  Click on `Codespaces`.  Click on `New with options`.\n\n![github cluster repo](https://university.dynatrace.com/assets/49339/prereq-github_cluster_repo.png)\n\nChoose the Branch `code-spaces`.  Choose the Dev Container Configuration `Kubernetes in Codespaces`.\n\nChoose a Region near your Dynatrace tenant.\n\nChoose Machine Type `4-core`.\n\n![github new codespaces](https://university.dynatrace.com/assets/49339/prereq-github_cluster_new_codespaces.png)\n\nAllow the Codespace instance to fully initialize.  It is not ready yet.\n\n![github codespace launch](https://university.dynatrace.com/assets/49339/prereq-github_codespace_launch.png)\n\nThe Codespace instance will run the post initialization scripts.\n\n![github codespace ](https://university.dynatrace.com/assets/49339/prereq-github_codespace_create.png)\n\nWhen the Codespace instance is idle, validate the `astronomy-shop` pods are running.\n\nCommand:\n```sh\nkubectl get pods -n astronomy-shop\n```\n\n![github codespace ready](https://university.dynatrace.com/assets/49339/prereq-github_codespace_ready.png)"},{"id":"2","type":"markdown","markdown":"\nGenerate a new API access token with the following scopes:\n```\nIngest events\nIngest logs\nIngest metrics\nIngest OpenTelemetry traces\n```\n[See Related Dynatrace API Token Creation Documentation](https://docs.dynatrace.com/docs/dynatrace-api/basics/dynatrace-api-authentication#create-token)\n\n![dt access token](https://university.dynatrace.com/assets/49339/prereq-dt_access_token.png)"},{"id":"3","type":"markdown","markdown":"\n### Define workshop user variables\nIn your Github Codespaces Terminal:\n```\nDT_ENDPOINT=https://{your-environment-id}.live.dynatrace.com/api/v2/otlp\nDT_API_TOKEN={your-api-token}\nNAME=<INITIALS>-k8s-otel-o11y\n```\n"},{"id":"4","type":"markdown","markdown":"\n### Create `dynatrace` namespace\nCommand:\n```sh\nkubectl create namespace dynatrace\n```\nSample output:\n> namespace/dynatrace created\n\n### Create `dynatrace-otelcol-dt-api-credentials` secret\n\nThe secret holds the API endpoint and API token that OpenTelemetry data will be sent to.\n\nCommand:\n```sh\nkubectl create secret generic dynatrace-otelcol-dt-api-credentials --from-literal=DT_ENDPOINT=$DT_ENDPOINT --from-literal=DT_API_TOKEN=$DT_API_TOKEN -n dynatrace\n```\nSample output:\n> secret/dynatrace-otelcol-dt-api-credentials created\n\n### Deploy `cert-manager`, pre-requisite for `opentelemetry-operator`\nhttps://cert-manager.io/docs/installation/\n\nCommand:\n```sh\nkubectl apply -f https://raw.githubusercontent.com/popecruzdt/dt-k8s-otel-o11y-dtu/refs/heads/main/manifests/cert-manager.yaml\n```\nSample output:\n> namespace/cert-manager created\\\n> customresourcedefinition.apiextensions.k8s.io/certificaterequests.cert-manager.io created\\\n> customresourcedefinition.apiextensions.k8s.io/certificates.cert-manager.io created\\\n> ...\\\n> validatingwebhookconfiguration.admissionregistration.k8s.io/cert-manager-webhook created\n\nWait 30-60 seconds for cert-manager to finish initializing before continuing.\n\n### Deploy `opentelemetry-operator`\n\nThe OpenTelemetry Operator will deploy and manage the custom resource `OpenTelemetryCollector` deployed on the cluster.\n\nCommand:\n```sh\nkubectl apply -f https://raw.githubusercontent.com/popecruzdt/dt-k8s-otel-o11y-dtu/refs/heads/main/manifests/opentelemetry-operator.yaml\n```\nSample output:\n> namespace/opentelemetry-operator-system created\\\n> customresourcedefinition.apiextensions.k8s.io/instrumentations.opentelemetry.io created\\\n> customresourcedefinition.apiextensions.k8s.io/opampbridges.opentelemetry.io created\\\n> ...\\\n> validatingwebhookconfiguration.admissionregistration.k8s.io/opentelemetry-operator-validating-webhook-configuration configured\n\nWait 30-60 seconds for opentelemetry-operator-controller-manager to finish initializing before continuing.\n\nValidate that the OpenTelemetry Operator components are running.\n\nCommand:\n```sh\nkubectl get pods -n opentelemetry-operator-system\n```\nSample output:\n| NAME                             | READY | STATUS  | RESTARTS | AGE |\n|----------------------------------|-------|---------|----------|-----|\n| opentelemetry-operator-controller-manager-5d746dbd64-rf9st   | 2/2   | Running | 0        | 1m  |"}]}