{"version":1,"defaultTimeframe":{"from":"now-2h","to":"now"},"sections":[{"id":"0","type":"markdown","markdown":"\n### What You’ll Learn Today\nIn this lab we'll utilize multiple OpenTelemetry Collectors to collect application traces/spans, log records, and metric data points generated by OpenTelemetry, from a Kubernetes cluster and ship them to Dynatrace.  This is a capstone lab that utilizes the concepts of the previous Kubernetes OpenTelemetry labs.\n\nLab tasks:\n1. Deploy 4 OpenTelemetry Collectors\n2. Configure OpenTelemetry Collector service pipeline for data enrichment\n3. Analyze metrics, traces, and logs in Dynatrace\n4. Observe OpenTelemetry Collector health in Dynatrace"},{"id":"1","type":"markdown","markdown":"\n### Import Dashboards into Dynatrace\n\n![astronomy-shop dashboard](https://university.dynatrace.com/assets/49339/capstone-dt_astronomy_shop_dashboard.png)\n[astronomy-shop dashboard](https://github.com/popecruzdt/dt-k8s-otel-o11y-cap/blob/code-spaces/dt-k8s-otel-o11y-cap_dt_dashboard.json)\n\n![collector health dashboard](https://university.dynatrace.com/assets/49339/capstone-dt_collector_health_dashboard.png)\n[collector health dashboard](https://github.com/popecruzdt/dt-k8s-otel-o11y-cap/blob/code-spaces/OpenTelemetry_Collector_%5BIsItObservable%5D_dt_dashboard.json)\n\n### Define workshop user variables\nIn your Github Codespaces Terminal:\n```\nDT_ENDPOINT=https://{your-environment-id}.live.dynatrace.com/api/v2/otlp\nDT_API_TOKEN={your-api-token}\nNAME=<INITIALS>-k8s-otel-o11y\n```\n\n### Move into home directory\nCommand:\n```sh\ncd ~\n```\n\n### Clone the `code-spaces` branch to your Codespaces instance\nCommand:\n```sh\ngit clone --single-branch --branch code-spaces https://github.com/popecruzdt/dt-k8s-otel-o11y-cap.git\n```\n\n### Move into the base directory\nCommand:\n```sh\ncd dt-k8s-otel-o11y-cap\n```\n\n### Clean Up Previous Deployments\nDelete `dynatrace` namespace and all previous deployments\n\nCommand:\n```sh\nkubectl delete ns dynatrace\n```\n\n### Deploy OpenTelemetry Operator\n\n### Create `dynatrace` namespace\nCommand:\n```sh\nkubectl create namespace dynatrace\n```\nSample output:\n> namespace/dynatrace created\n\n### Create `dynatrace-otelcol-dt-api-credentials` secret\n\nThe secret holds the API endpoint and API token that OpenTelemetry data will be sent to.\n\nCommand:\n```sh\nkubectl create secret generic dynatrace-otelcol-dt-api-credentials --from-literal=DT_ENDPOINT=$DT_ENDPOINT --from-literal=DT_API_TOKEN=$DT_API_TOKEN -n dynatrace\n```\nSample output:\n> secret/dynatrace-otelcol-dt-api-credentials created\n\n### Deploy `cert-manager`, pre-requisite for `opentelemetry-operator`\nhttps://cert-manager.io/docs/installation/\n\nCommand:\n```sh\nkubectl apply -f opentelemetry/cert-manager.yaml\n```\nSample output:\n> namespace/cert-manager created\\\n> customresourcedefinition.apiextensions.k8s.io/certificaterequests.cert-manager.io created\\\n> customresourcedefinition.apiextensions.k8s.io/certificates.cert-manager.io created\\\n> ...\\\n> validatingwebhookconfiguration.admissionregistration.k8s.io/cert-manager-webhook created\n\nWait 30-60 seconds for cert-manager to finish initializing before continuing.\n\n### Deploy `opentelemetry-operator`\n\nThe OpenTelemetry Operator will deploy and manage the custom resource `OpenTelemetryCollector` deployed on the cluster.\n\nCommand:\n```sh\nkubectl apply -f opentelemetry/opentelemetry-operator.yaml\n```\nSample output:\n> namespace/opentelemetry-operator-system created\\\n> customresourcedefinition.apiextensions.k8s.io/instrumentations.opentelemetry.io created\\\n> customresourcedefinition.apiextensions.k8s.io/opampbridges.opentelemetry.io created\\\n> ...\\\n> validatingwebhookconfiguration.admissionregistration.k8s.io/opentelemetry-operator-validating-webhook-configuration configured\n\nWait 30-60 seconds for opentelemetry-operator-controller-manager to finish initializing before continuing.\n\nValidate that the OpenTelemetry Operator components are running.\n\nCommand:\n```sh\nkubectl get pods -n opentelemetry-operator-system\n```\nSample output:\n| NAME                             | READY | STATUS  | RESTARTS | AGE |\n|----------------------------------|-------|---------|----------|-----|\n| opentelemetry-operator-controller-manager-5d746dbd64-rf9st   | 2/2   | Running | 0        | 1m  |\n\n### Create `clusterrole` with read access to Kubernetes objects\n```yaml\n---\napiVersion: rbac.authorization.k8s.io/v1\nkind: ClusterRole\nmetadata:\n  name: otel-collector-k8s-clusterrole\nrules:\n  - apiGroups: ['']\n    resources: ['events', 'namespaces', 'namespaces/status', 'nodes', 'nodes/spec', 'nodes/stats', 'nodes/proxy', 'pods', 'pods/status', 'replicationcontrollers', 'replicationcontrollers/status', 'resourcequotas', 'services']\n    verbs: ['get', 'list', 'watch']\n  - apiGroups: ['apps']\n    resources: ['daemonsets', 'deployments', 'replicasets', 'statefulsets']\n    verbs: ['get', 'list', 'watch']\n  - apiGroups: ['extensions']\n    resources: ['daemonsets', 'deployments', 'replicasets']\n    verbs: ['get', 'list', 'watch']\n  - apiGroups: ['batch']\n    resources: ['jobs', 'cronjobs']\n    verbs: ['get', 'list', 'watch']\n  - apiGroups: ['autoscaling']\n    resources: ['horizontalpodautoscalers']\n    verbs: ['get', 'list', 'watch']\n```\nCommand:\n```sh\nkubectl apply -f opentelemetry/rbac/otel-collector-k8s-clusterrole.yaml\n```\nSample output:\n> clusterrole.rbac.authorization.k8s.io/otel-collector-k8s-clusterrole created\n\n### Create `clusterrolebinding` for OpenTelemetry Collector service accounts\n```yaml\n---\napiVersion: rbac.authorization.k8s.io/v1\nkind: ClusterRoleBinding\nmetadata:\n  name: otel-collector-k8s-clusterrole-crb\nsubjects:\n- kind: ServiceAccount\n  name: dynatrace-deployment-collector\n  namespace: dynatrace\n- kind: ServiceAccount\n  name: dynatrace-daemonset-collector\n  namespace: dynatrace\n- kind: ServiceAccount\n  name: contrib-deployment-collector\n  namespace: dynatrace\n- kind: ServiceAccount\n  name: contrib-daemonset-collector\n  namespace: dynatrace\nroleRef:\n  kind: ClusterRole\n  name: otel-collector-k8s-clusterrole\n  apiGroup: rbac.authorization.k8s.io\n```\nCommand:\n```sh\nkubectl apply -f opentelemetry/rbac/otel-collector-k8s-clusterrole-crb.yaml\n```\nSample output:\n> clusterrolebinding.rbac.authorization.k8s.io/otel-collector-k8s-clusterrole-crb created"},{"id":"2","type":"markdown","markdown":"\n### OpenTelemetry Collector - Dynatrace Distro (Deployment)\nhttps://docs.dynatrace.com/docs/extend-dynatrace/opentelemetry/collector/deployment\n\nReceivers:\n`otlp`, `prometheus`\n\n| MODULE        | DT DEPLOY | DT DAEMON | CON DEPLOY | CON DAEMON |\n|---------------|-----------|-----------|------------|------------|\n| otlp          | - [x]     | - [ ]     | - [x]      | - [ ]      |\n| prometheus    | - [x]     | - [x]     | - [x]      | - [x]      |\n| filelog       | - [ ]     | - [x]     | - [ ]      | - [ ]      |\n| kubeletstats  | - [ ]     | - [ ]     | - [ ]      | - [x]      |\n| k8s_cluster   | - [ ]     | - [ ]     | - [x]      | - [ ]      |\n| k8sobjects    | - [ ]     | - [ ]     | - [x]      | - [ ]      |\n\n### Deploy Collector\n\n### Deploy OpenTelemetry Collector CRD\nhttps://docs.dynatrace.com/docs/extend-dynatrace/opentelemetry/collector/deployment#tabgroup--dynatrace-docs--gateway\n```yaml\n---\napiVersion: opentelemetry.io/v1alpha1\nkind: OpenTelemetryCollector\nmetadata:\n  name: dynatrace-deployment\n  namespace: dynatrace\nspec:\n  envFrom:\n  - secretRef:\n      name: dynatrace-otelcol-dt-api-credentials\n  mode: \"deployment\"\n  image: \"ghcr.io/dynatrace/dynatrace-otel-collector/dynatrace-otel-collector:latest\"\n```\nCommand:\n```sh\nkubectl apply -f opentelemetry/collector/dynatrace/otel-collector-dynatrace-deployment-crd.yaml\n```\nSample output:\n> opentelemetrycollector.opentelemetry.io/dynatrace-deployment created\n\n### Validate running pod(s)\nCommand:\n```sh\nkubectl get pods -n dynatrace\n```\nSample output:\n| NAME                                       | READY | STATUS  | RESTARTS | AGE |\n|--------------------------------------------|-------|---------|----------|-----|\n| dynatrace-deployment-collector-796546fbd6-kqflf | 1/1   | Running | 0        | 1m  |"},{"id":"3","type":"markdown","markdown":"\n### OpenTelemetry Collector - Dynatrace Distro (Daemonset)\nhttps://docs.dynatrace.com/docs/extend-dynatrace/opentelemetry/collector/deployment\n\nReceivers:\n`filelog`, `prometheus`\n\n| MODULE        | DT DEPLOY | DT DAEMON | CON DEPLOY | CON DAEMON |\n|---------------|-----------|-----------|------------|------------|\n| otlp          | - [x]     | - [ ]     | - [x]      | - [ ]      |\n| prometheus    | - [x]     | - [x]     | - [x]      | - [x]      |\n| filelog       | - [ ]     | - [x]     | - [ ]      | - [ ]      |\n| kubeletstats  | - [ ]     | - [ ]     | - [ ]      | - [x]      |\n| k8s_cluster   | - [ ]     | - [ ]     | - [x]      | - [ ]      |\n| k8sobjects    | - [ ]     | - [ ]     | - [x]      | - [ ]      |\n\n### Deploy Collector\n\n### Deploy OpenTelemetry Collector CRD\nhttps://docs.dynatrace.com/docs/extend-dynatrace/opentelemetry/collector/deployment#tabgroup--dynatrace-docs--agent\n```yaml\n---\napiVersion: opentelemetry.io/v1alpha1\nkind: OpenTelemetryCollector\nmetadata:\n  name: dynatrace-daemonset\n  namespace: dynatrace\nspec:\n  envFrom:\n  - secretRef:\n      name: dynatrace-otelcol-dt-api-credentials\n  mode: \"daemonset\"\n  image: \"ghcr.io/dynatrace/dynatrace-otel-collector/dynatrace-otel-collector:latest\"\n```\nCommand:\n```sh\nkubectl apply -f opentelemetry/collector/dynatrace/otel-collector-dynatrace-daemonset-crd.yaml\n```\nSample output:\n> opentelemetrycollector.opentelemetry.io/dynatrace-daemonset created\n\n### Validate running pod(s)\nCommand:\n```sh\nkubectl get pods -n dynatrace\n```\nSample output:\n| NAME                                       | READY | STATUS  | RESTARTS | AGE |\n|--------------------------------------------|-------|---------|----------|-----|\n| dynatrace-daemonset-collector-h69pz | 1/1   | Running | 0        | 1m  |"},{"id":"4","type":"markdown","markdown":"\n### OpenTelemetry Collector - Contrib Distro (Deployment)\nhttps://docs.dynatrace.com/docs/extend-dynatrace/opentelemetry/collector/deployment\n\nReceivers:\n`otlp`, `prometheus`, `k8s_cluster`, `k8sobjects`\n\n| MODULE        | DT DEPLOY | DT DAEMON | CON DEPLOY | CON DAEMON |\n|---------------|-----------|-----------|------------|------------|\n| otlp          | - [x]     | - [ ]     | - [x]      | - [ ]      |\n| prometheus    | - [x]     | - [x]     | - [x]      | - [x]      |\n| filelog       | - [ ]     | - [x]     | - [ ]      | - [ ]      |\n| kubeletstats  | - [ ]     | - [ ]     | - [ ]      | - [x]      |\n| k8s_cluster   | - [ ]     | - [ ]     | - [x]      | - [ ]      |\n| k8sobjects    | - [ ]     | - [ ]     | - [x]      | - [ ]      |\n\n### Deploy Collector\n\n### Deploy OpenTelemetry Collector CRD\nhttps://opentelemetry.io/docs/kubernetes/operator/\n```yaml\n---\napiVersion: opentelemetry.io/v1alpha1\nkind: OpenTelemetryCollector\nmetadata:\n  name: contrib-deployment\n  namespace: dynatrace\nspec:\n  envFrom:\n  - secretRef:\n      name: dynatrace-otelcol-dt-api-credentials\n  mode: \"deployment\"\n  image: \"otel/opentelemetry-collector-contrib:0.103.0\"\n```\nCommand:\n```sh\nkubectl apply -f opentelemetry/collector/contrib/otel-collector-contrib-deployment-crd.yaml\n```\nSample output:\n> opentelemetrycollector.opentelemetry.io/contrib-deployment created\n\n### Validate running pod(s)\nCommand:\n```sh\nkubectl get pods -n dynatrace\n```\nSample output:\n| NAME                                       | READY | STATUS  | RESTARTS | AGE |\n|--------------------------------------------|-------|---------|----------|-----|\n| contrib-deployment-collector-74dfc4d9f4-s97k6 | 1/1   | Running | 0        | 1m  |"},{"id":"5","type":"markdown","markdown":"\n### OpenTelemetry Collector - Contrib Distro (Daemonset)\nhttps://docs.dynatrace.com/docs/extend-dynatrace/opentelemetry/collector/deployment\n\nReceivers:\n`prometheus`, `kubeletstats`\n\n| MODULE        | DT DEPLOY | DT DAEMON | CON DEPLOY | CON DAEMON |\n|---------------|-----------|-----------|------------|------------|\n| otlp          | - [x]     | - [ ]     | - [x]      | - [ ]      |\n| prometheus    | - [x]     | - [x]     | - [x]      | - [x]      |\n| filelog       | - [ ]     | - [x]     | - [ ]      | - [ ]      |\n| kubeletstats  | - [ ]     | - [ ]     | - [ ]      | - [x]      |\n| k8s_cluster   | - [ ]     | - [ ]     | - [x]      | - [ ]      |\n| k8sobjects    | - [ ]     | - [ ]     | - [x]      | - [ ]      |\n\n### Deploy Collector\n\n### Deploy OpenTelemetry Collector CRD\nhttps://opentelemetry.io/docs/kubernetes/operator/\n```yaml\n---\napiVersion: opentelemetry.io/v1alpha1\nkind: OpenTelemetryCollector\nmetadata:\n  name: contrib-daemonset\n  namespace: dynatrace\nspec:\n  envFrom:\n  - secretRef:\n      name: dynatrace-otelcol-dt-api-credentials\n  mode: \"daemonset\"\n  image: \"otel/opentelemetry-collector-contrib:0.103.0\"\n```\nCommand:\n```sh\nkubectl apply -f opentelemetry/collector/contrib/otel-collector-contrib-daemonset-crd.yaml\n```\nSample output:\n> opentelemetrycollector.opentelemetry.io/contrib-daemonset created\n\n### Validate running pod(s)\nCommand:\n```sh\nkubectl get pods -n dynatrace\n```\nSample output:\n| NAME                                       | READY | STATUS  | RESTARTS | AGE |\n|--------------------------------------------|-------|---------|----------|-----|\n| contrib-daemonset-collector-d92tw | 1/1   | Running | 0        | 1m  |"},{"id":"6","type":"markdown","markdown":"\n```yaml\nconfig:\n    receivers:\n      otlp:\n        protocols:\n          http:\n            # Since this collector needs to receive data from the web, enable cors for all origins\n            # `allowed_origins` can be refined for your deployment domain\n            cors:\n              allowed_origins:\n                - \"http://*\"\n                - \"https://*\"\n      httpcheck/frontendproxy:\n        targets:\n          - endpoint: 'http://{{ include \"otel-demo.name\" . }}-frontendproxy:8080'\n\n    exporters:\n      # Dynatrace OTel Collector\n      otlphttp/dynatrace:\n        endpoint: http://dynatrace-deployment-collector.dynatrace.svc.cluster.local:4318\n\n    processors:\n      resource:\n        attributes:\n        - key: service.instance.id\n          from_attribute: k8s.pod.uid\n          action: insert\n\n    connectors:\n      spanmetrics: {}\n\n    service:\n      pipelines:\n        traces:\n          receivers: [otlp]\n          processors: [memory_limiter, resource, batch]\n          exporters: [spanmetrics, otlphttp/dynatrace]\n        metrics:\n          receivers: [httpcheck/frontendproxy, otlp, spanmetrics]\n          processors: [memory_limiter, resource, batch]\n          exporters: [otlphttp/dynatrace]\n        logs:\n          processors: [memory_limiter, resource, batch]\n          exporters: [otlphttp/dynatrace]\n```\n\n### Export to OTLP Receiver\n\n### Export OpenTelemetry data from `astronomy-shop` to OpenTelemetry Collector - Dynatrace Distro (Deployment)\n\n### Customize astronomy-shop helm values\n```yaml\ndefault:\n  # List of environment variables applied to all components\n  env:\n    - name: OTEL_SERVICE_NAME\n      valueFrom:\n        fieldRef:\n          apiVersion: v1\n          fieldPath: \"metadata.labels['app.kubernetes.io/component']\"\n    - name: OTEL_COLLECTOR_NAME\n      value: '{{ include \"otel-demo.name\" . }}-otelcol'\n    - name: OTEL_EXPORTER_OTLP_METRICS_TEMPORALITY_PREFERENCE\n      value: cumulative\n    - name: OTEL_RESOURCE_ATTRIBUTES\n      value: 'service.name=$(OTEL_SERVICE_NAME),service.namespace=NAME_TO_REPLACE,service.version={{ .Chart.AppVersion }}'\n```\n> service.namespace=NAME_TO_REPLACE\\\n> service.namespace=INITIALS-k8s-otel-o11y\n\nCommand:\n```sh\nsed -i \"s,NAME_TO_REPLACE,$NAME,\" astronomy-shop/collector-values.yaml\n```\n\n### Update `astronomy-shop` OpenTelemetry Collector export endpoint via helm\nCommand:\n```sh\nhelm upgrade astronomy-shop open-telemetry/opentelemetry-demo --values astronomy-shop/collector-values.yaml --namespace astronomy-shop --version \"0.31.0\"\n```\nSample output:\n> NAME: astronomy-shop\\\n> LAST DEPLOYED: Thu Jun 27 20:58:38 2024\\\n> NAMESPACE: astronomy-shop\\\n> STATUS: deployed\\\n> REVISION: 2\n\n### Analyze Data in Dynatrace\n\n### Analyze metrics, traces, and logs in Dynatrace dashboard\n![astronomy-shop dashboard](https://university.dynatrace.com/assets/49339/capstone-dt_astronomy_shop_dashboard.png)\n[astronomy-shop dashboard](https://github.com/popecruzdt/dt-k8s-otel-o11y-cap/blob/code-spaces/dt-k8s-otel-o11y-cap_dt_dashboard.json)"},{"id":"7","type":"markdown","markdown":"\n### Observe OpenTelemetry Collector health in Dynatrace\nhttps://opentelemetry.io/docs/collector/internal-telemetry/\n\n* Add `dynatrace.otel.collector` to Dynatrace's metric attribute allow list\n* Enable OpenTelemetry Collector health metrics (Prometheus)\n* Modify OpenTelemetry Collector health metrics for Dynatrace support\n* View OpenTelemetry Collector health metrics in Dynatrace\n\n### Add `dynatrace.otel.collector` to Dynatrace's metric attribute allow list\nBy default, the metric attribute `dynatrace.otel.collector` is dropped by Dynatrace.  Add it to the allow list in your Dynatrace tenant:\n\nhttps://docs.dynatrace.com/docs/extend-dynatrace/opentelemetry/getting-started/metrics/configuration\n![dt otel metrics add collector attribute](https://university.dynatrace.com/assets/49339/capstone-dt_otelmetrics_add_collector_attribute.png)\n\n### Enable OpenTelemetry Collector health metrics (Prometheus)\nEnable metric generation for Collector CRD:\n```yaml\n---\napiVersion: opentelemetry.io/v1alpha1\nkind: OpenTelemetryCollector\nmetadata:\n  namespace: dynatrace\nspec:\n  observability:\n    metrics:\n      enableMetrics: true\n```\n\nEnable publishing of metric generation to Prometheus endpoint:\n```yaml\n---\napiVersion: opentelemetry.io/v1alpha1\nkind: OpenTelemetryCollector\nmetadata:\n  namespace: dynatrace\nspec:\n  env:\n    - name: MY_POD_IP\n      valueFrom:\n        fieldRef:\n          apiVersion: v1\n          fieldPath: status.podIP\n  config: |\n    receivers:\n\n    processors:\n\n    exporters:\n\n    service:\n      telemetry:\n        metrics:\n          level: \"normal\"\n          address: ${MY_POD_IP}:8888\n```\n\nEnable scraping of metrics from Prometheus endpoint:\n```yaml\n---\napiVersion: opentelemetry.io/v1alpha1\nkind: OpenTelemetryCollector\nmetadata:\n  namespace: dynatrace\nspec:\n  config: |\n    receivers:\n      prometheus:\n        config:\n          scrape_configs:\n          - job_name: opentelemetry-collector\n            scrape_interval: 30s\n            static_configs:\n            - targets:\n              - ${MY_POD_IP}:8888\n\n    processors:\n      batch:\n\n    exporters:\n      otlphttp/dynatrace:\n\n    service:\n      pipelines:\n        metrics:\n          receivers: [prometheus]\n          processors: [batch]\n          exporters: [otlphttp/dynatrace]\n```\n\n### Modify OpenTelemetry Collector health metrics for Dynatrace support\nSpecific metric types are supported by Dynatrace:\n\nhttps://docs.dynatrace.com/docs/platform-modules/infrastructure-monitoring/container-platform-monitoring/kubernetes-monitoring/monitor-prometheus-metrics#usage\n\nConvert unsupported cumulative sum metric types to delta type for Dynatrace support:\n```yaml\nprocessors:\n  cumulativetodelta: {}\nservice:\n  pipelines:\n  metrics:\n    receivers: [prometheus]\n    processors: [cumulativetodelta,batch]\n    exporters: [otlphttp/dynatrace]\n```\n\nFilter out (remove) unsupported histogram metric types for Dynatrace support:\n```yaml\nprocessors:\n  filter/histogram:\n    error_mode: ignore\n    metrics:\n      metric:\n      - 'type == METRIC_DATA_TYPE_HISTOGRAM'\n\nservice:\n  pipelines:\n  metrics:\n    receivers: [prometheus]\n    processors: [filter/histogram,batch]\n    exporters: [otlphttp/dynatrace]\n```\n\n### View OpenTelemetry Collector health metrics in Dynatrace\nPrometheus metrics from the OpenTelemetry Collector have the `otelcol_` prefix and can be found in the Dynatrace metric browser:\n![dt_otelcol_metric_list](https://university.dynatrace.com/assets/49339/capstone-dt_otelcol_metric_list.png)\n\nExample dashboard for OpenTelemetry Collector health has been created by the `IsItObservable` team:\n![dt_collector_health_dashboard_short](https://university.dynatrace.com/assets/49339/capstone-dt_collector_health_dashboard_short.png)\n\n[YouTube Video](https://youtu.be/Qxt3XAMJNhA?si=LY_37zRJC8hCTpjX&t=2630)"},{"id":"8","type":"markdown","markdown":"\n### What You Learned Today \nBy completing this lab, you've successfully deployed the OpenTelemetry Collector to collect metrics, traces, and logs from Kubernetes and ship them to Dynatrace for analysis.\n- The Dynatrace Distro of OpenTelemetry Collector includes supported modules needed to ship telemetry to Dynatrace\n    - The `otlp` receiver receives metrics, traces, and logs from OpenTelemetry exporters via gRPC/HTTP\n    - The `filelog` receiver scrapes logs from the Node filesystem and parses the contents\n    - The `prometheus` receiver scrapes metric data exposed by Pod Prometheus endpoints\n- The Contrib Distro of OpenTelemetry Collector includes additional modules needed to ship telemetry to Dynatrace\n    - The `kubeletstats` receiver scrapes metrics from the local kubelet on the Node\n    - The `k8s_cluster` receiver queries the Kubernetes cluster API to retrieve metrics\n    - The `k8sobjects` receiver watches for Kubernetes events (and other resources) on the cluster\n- Dynatrace allows you to perform powerful queries and analysis of the telemetry data\n- Observing the health of the OpenTelemetry Collectors and data pipeline is critical\n    - The OpenTelemetry Collector exposes self-monitoring metrics in Prometheus format\n"}]}