{"version":1,"defaultTimeframe":{"from":"now-2h","to":"now"},"sections":[{"id":"0","type":"markdown","markdown":"\n### Kubernetes Kind Cluster\n[dt-k8s-otel-o11y-cluster](https://github.com/popecruzdt/dt-k8s-otel-o11y-cluster/tree/code-spaces)\n\n### OpenTelemetry Collector for Logs\n[dt-k8s-otel-o11y-logs](https://github.com/popecruzdt/dt-k8s-otel-o11y-logs/tree/code-spaces)\n\n### OpenTelemetry Collector for Traces\n[dt-k8s-otel-o11y-traces](https://github.com/popecruzdt/dt-k8s-otel-o11y-traces/tree/code-spaces)\n\n### OpenTelemetry Collector for Metrics\n[dt-k8s-otel-o11y-metrics](https://github.com/popecruzdt/dt-k8s-otel-o11y-metrics/tree/code-spaces)\n\n### OpenTelemetry Collector Capstone\n[dt-k8s-otel-o11y-cap](https://github.com/popecruzdt/dt-k8s-otel-o11y-cap/tree/code-spaces)\n\n### DTU Lab Guide\n[dt-k8s-otel-o11y-dtu](https://github.com/popecruzdt/dt-k8s-otel-o11y-dtu)"}]}