{"version":1,"defaultTimeframe":{"from":"now-2h","to":"now"},"sections":[{"id":"0","type":"markdown","markdown":"\n### What You’ll Learn Today\nIn this lab we'll utilize the OpenTelemetry Collector deployed as a DaemonSet (Node Agent) to collect Node (kubelet) metrics from a Kubernetes cluster and ship them to Dynatrace.  Additionally, we'll utilize a second OpenTelemetry Collector deployed as a Deployment (Gateway) to collect Cluster (Kubernetes API) metrics from the Kubernetes cluster and ship them to Dynatrace.\n\nLab tasks:\n1. Deploy OpenTelemetry Collector as a DaemonSet\n2. Configure OpenTelemetry Collector service pipeline for metric enrichment\n3. Deploy OpenTelemetry Collector as a Deployment\n4. Configure OpenTelemetry Collector service pipeline for metric enrichment\n5. Query and visualize metrics in Dynatrace using DQL"},{"id":"1","type":"markdown","markdown":"\n### Import Notebook into Dynatrace\n\n[Notebook](https://github.com/popecruzdt/dt-k8s-otel-o11y-metrics/blob/code-spaces/dt-k8s-otel-o11y-metrics_dt_notebook.json)\n\n### Define workshop user variables\nIn your Github Codespaces Terminal:\n```\nDT_ENDPOINT=https://{your-environment-id}.live.dynatrace.com/api/v2/otlp\nDT_API_TOKEN={your-api-token}\nNAME=<INITIALS>-k8s-otel-o11y\n```\n\n### Move into home directory\nCommand:\n```sh\ncd ~\n```\n\n### Clone the `code-spaces` branch to your Codespaces instance\nCommand:\n```sh\ngit clone --single-branch --branch code-spaces https://github.com/popecruzdt/dt-k8s-otel-o11y-metrics.git\n```\n\n### Move into the base directory\nCommand:\n```sh\ncd dt-k8s-otel-o11y-metrics\n```\n"},{"id":"2","type":"markdown","markdown":"\n### Kubernetes Node Metrics\n\nEach Kubernetes Node runs a kubelet that includes an API server. The `kubeletstats` Receiver connects to that kubelet via the API server to collect metrics about the node and the workloads running on the node.\n\n### Deploy OpenTelemetry Collector \n\n### Contrib Distro - Daemonset (Node Agent)\n\nThe `kubeletstats` receiver is only available on the Contrib Distro of the OpenTelemetry Collector.  Therefore we must deploy a new Collector using the `contrib` image.\n\n```yaml\n---\napiVersion: opentelemetry.io/v1alpha1\nkind: OpenTelemetryCollector\nmetadata:\n  name: dynatrace-metrics-node\n  namespace: dynatrace\nspec:\n  envFrom:\n  - secretRef:\n      name: dynatrace-otelcol-dt-api-credentials\n  env:\n    - name: K8S_NODE_NAME\n      valueFrom:\n        fieldRef:\n          fieldPath: spec.nodeName\n  mode: \"daemonset\"\n  image: \"otel/opentelemetry-collector-contrib:0.103.0\"\n```\nCommand:\n```sh\nkubectl apply -f opentelemetry/collector/metrics/otel-collector-metrics-node-crd-01.yaml\n```\nSample output:\n> opentelemetrycollector.opentelemetry.io/dynatrace-metrics-node created\n\n### Validate running pod(s)\nCommand:\n```sh\nkubectl get pods -n dynatrace\n```\nSample output:\n| NAME                             | READY | STATUS  | RESTARTS | AGE |\n|----------------------------------|-------|---------|----------|-----|\n| dynatrace-metrics-node-collector-2kzlp   | 1/1   | Running | 0        | 1m  |\n\n### Create `clusterrole` with read access to Kubernetes objects\n\nSince the receiver uses the Kubernetes API, it needs the correct permission to work correctly. For most use cases, you should give the service account running the Collector the following permissions via a ClusterRole.\n\n```yaml\n---\napiVersion: rbac.authorization.k8s.io/v1\nkind: ClusterRole\nmetadata:\n  name: otel-collector-k8s-clusterrole-metrics\nrules:\n  - apiGroups: ['']\n    resources: ['events', 'namespaces', 'namespaces/status', 'nodes', 'nodes/spec', 'nodes/stats', 'nodes/proxy', 'pods', 'pods/status', 'replicationcontrollers', 'replicationcontrollers/status', 'resourcequotas', 'services']\n    verbs: ['get', 'list', 'watch']\n  - apiGroups: ['apps']\n    resources: ['daemonsets', 'deployments', 'replicasets', 'statefulsets']\n    verbs: ['get', 'list', 'watch']\n  - apiGroups: ['extensions']\n    resources: ['daemonsets', 'deployments', 'replicasets']\n    verbs: ['get', 'list', 'watch']\n  - apiGroups: ['batch']\n    resources: ['jobs', 'cronjobs']\n    verbs: ['get', 'list', 'watch']\n  - apiGroups: ['autoscaling']\n    resources: ['horizontalpodautoscalers']\n    verbs: ['get', 'list', 'watch']\n```\nCommand:\n```sh\nkubectl apply -f opentelemetry/rbac/otel-collector-k8s-clusterrole-metrics.yaml\n```\nSample output:\n> clusterrole.rbac.authorization.k8s.io/otel-collector-k8s-clusterrole-metrics created\n\n### Create `clusterrolebinding` for OpenTelemetry Collector service account\n```yaml\n---\napiVersion: rbac.authorization.k8s.io/v1\nkind: ClusterRoleBinding\nmetadata:\n  name: otel-collector-k8s-clusterrole-metrics-crb\nsubjects:\n- kind: ServiceAccount\n  name: dynatrace-metrics-node-collector\n  namespace: dynatrace\nroleRef:\n  kind: ClusterRole\n  name: otel-collector-k8s-clusterrole-metrics\n  apiGroup: rbac.authorization.k8s.io\n```\nCommand:\n```sh\nkubectl apply -f opentelemetry/rbac/otel-collector-k8s-clusterrole-metrics-crb.yaml\n```\nSample output:\n> clusterrolebinding.rbac.authorization.k8s.io/otel-collector-k8s-clusterrole-metrics-crb created\n\n### `kubeletstats` receiver\nhttps://opentelemetry.io/docs/kubernetes/collector/components/#kubeletstats-receiver\n\nBy default, metrics will be collected for pods and nodes, but you can configure the receiver to collect container and volume metrics as well. The receiver also allows configuring how often the metrics are collected:\n\n```yaml\nconfig: |\n    receivers:\n      kubeletstats:\n        collection_interval: 30s\n        auth_type: 'serviceAccount'\n        endpoint: '${env:K8S_NODE_NAME}:10250'\n        insecure_skip_verify: true\n        metric_groups:\n          - node\n          - pod\n          - container\n```\nDefault Metrics:\n\nhttps://github.com/open-telemetry/opentelemetry-collector-contrib/blob/main/receiver/kubeletstatsreceiver/documentation.md\n\n**note:** for this lab, the Kind cluster does not have cluster metadata to collect.  These values will be spoofed for the purposes of this lab.\n```yaml\nresource/kind:\n  attributes:\n  - key: k8s.cluster.name\n    value: dt-k8s-o11y-kind\n    action: insert\n```\n\n### Query Node metrics in Dynatrace\nDQL:\n```sql\ntimeseries node_cpu = avg(k8s.node.cpu.utilization), by: {k8s.cluster.name, k8s.node.name}\n```\nResult:\n\n![dql_kubeletstats_node_cpu](https://university.dynatrace.com/assets/49339/metrics-dql_kubeletstats_node_cpu.png)\n\n### k8sattributes Processor\n\nThe Kubernetes Attributes Processor automatically discovers Kubernetes pods, extracts their metadata, and adds the extracted metadata to spans, metrics, and logs as resource attributes.\n\nThe Kubernetes Attributes Processor is one of the most important components for a collector running in Kubernetes. Any collector receiving application data should use it. Because it adds Kubernetes context to your telemetry, the Kubernetes Attributes Processor lets you correlate your application’s traces, metrics, and logs signals with your Kubernetes telemetry, such as pod metrics and traces.\n\n### Add `k8sattributes` processor\nhttps://opentelemetry.io/docs/kubernetes/collector/components/#kubernetes-attributes-processor\n\nThe `k8sattributes` processor will query metadata from the cluster about the k8s objects.  The Collector will then marry this metadata to the telemetry.\n\n```yaml\nk8sattributes:\n  auth_type: \"serviceAccount\"\n  passthrough: false\n  filter:\n    node_from_env_var: KUBE_NODE_NAME\n  extract:\n    metadata:\n      - k8s.namespace.name\n      - k8s.deployment.name\n      - k8s.daemonset.name\n      - k8s.job.name\n      - k8s.cronjob.name\n      - k8s.replicaset.name\n      - k8s.statefulset.name\n      - k8s.pod.name\n      - k8s.pod.uid\n      - k8s.node.name\n      - k8s.container.name\n      - container.id\n      - container.image.name\n      - container.image.tag\n    labels:\n      - tag_name: app.label.component\n        key: app.kubernetes.io/component\n        from: pod\n    pod_association:\n      - sources:\n          - from: resource_attribute\n            name: k8s.pod.uid\n      - sources:\n          - from: resource_attribute\n            name: k8s.pod.name\n      - sources:\n          - from: resource_attribute\n            name: k8s.pod.ip\n      - sources:\n          - from: connection\n```\nCommand:\n```sh\nkubectl apply -f opentelemetry/collector/metrics/otel-collector-metrics-node-crd-02.yaml\n```\nSample output:\n> opentelemetrycollector.opentelemetry.io/dynatrace-metrics-node configured\n\n### Validate running pod(s)\nCommand:\n```sh\nkubectl get pods -n dynatrace\n```\nSample output:\n| NAME                             | READY | STATUS  | RESTARTS | AGE |\n|----------------------------------|-------|---------|----------|-----|\n| dynatrace-metrics-node-collector-drk1p   | 1/1   | Running | 0        | 1m  |\n\n### Query Pod metrics in Dynatrace\nDQL:\n```sql\ntimeseries pod_cpu = avg(k8s.pod.cpu.utilization), by: { k8s.pod.name, k8s.node.name, k8s.namespace.name, k8s.deployment.name, k8s.cluster.name, k8s.pod.uid }\n| filter k8s.namespace.name == \"astronomy-shop\" and k8s.deployment.name == \"astronomy-shop-productcatalogservice\"\n```\nResult:\n\n![dql_kubeletstats_pod_cpu](https://university.dynatrace.com/assets/49339/metrics-dql_kubeletstats_pod_cpu.png)\n"},{"id":"3","type":"markdown","markdown":"\n### Kubernetes Cluster Metrics\n\nThe Kubernetes Cluster Receiver collects metrics and entity events about the cluster as a whole using the Kubernetes API server. Use this receiver to answer questions about pod phases, node conditions, and other cluster-wide questions.\n\n### Deploy OpenTelemetry Collector\n\n### Contrib Distro - Deployment (Gateway)\nhttps://github.com/open-telemetry/opentelemetry-operator\n\nThe `k8s_cluster` receiver is only available on the Contrib Distro of the OpenTelemetry Collector.  Therefore we must deploy a new Collector using the `contrib` image.\n\nSince the receiver gathers telemetry for the cluster as a whole, only one instance of the receiver is needed across the cluster in order to collect all the data.  The Collector will be deployed as a Deployment (Gateway).\n\n```yaml\n---\napiVersion: opentelemetry.io/v1alpha1\nkind: OpenTelemetryCollector\nmetadata:\n  name: dynatrace-metrics-cluster\n  namespace: dynatrace\nspec:\n  envFrom:\n  - secretRef:\n      name: dynatrace-otelcol-dt-api-credentials\n  mode: \"deployment\"\n  image: \"otel/opentelemetry-collector-contrib:0.103.0\"\n```\nCommand:\n```sh\nkubectl apply -f opentelemetry/collector/metrics/otel-collector-metrics-cluster-crd-01.yaml\n```\nSample output:\n> opentelemetrycollector.opentelemetry.io/dynatrace-metrics-cluster created\n\n### Validate running pod(s)\nCommand:\n```sh\nkubectl get pods -n dynatrace\n```\nSample output:\n| NAME                             | READY | STATUS  | RESTARTS | AGE |\n|----------------------------------|-------|---------|----------|-----|\n| dynatrace-metrics-cluster-collector-7bd8dc4995-6sgs2   | 1/1   | Running | 0        | 1m  |\n\n### `k8s_cluster` receiver\nhttps://opentelemetry.io/docs/kubernetes/collector/components/#kubernetes-cluster-receiver\n```yaml\nconfig: |\n    receivers:\n      k8s_cluster:\n        collection_interval: 60s\n        node_conditions_to_report: [ \"Ready\", \"MemoryPressure\", \"DiskPressure\" ]\n        allocatable_types_to_report: [ \"cpu\",\"memory\" ]\n        metadata_collection_interval: 5m\n```\nDefault Metrics:\n\nhttps://github.com/open-telemetry/opentelemetry-collector-contrib/blob/main/receiver/k8sclusterreceiver/documentation.md\n\n### Query Deployment metrics in Dynatrace\nDQL:\n```sql\ntimeseries pods_avail = min(k8s.deployment.available), by: {k8s.cluster.name, k8s.deployment.name}, filter: {k8s.namespace.name == \"astronomy-shop\"}\n```\nResult:\n\n![dql_k8scluster_pod_avail](https://university.dynatrace.com/assets/49339/metrics-dql_k8scluster_pod_avail.png)\n\n### Export to OTLP Receiver\n\nThe `astronomy-shop` demo application has the OpenTelemetry agents and SDKs already instrumented.  These agents and SDKs are generating metrics (traces and logs too) that are being exported to a Collector running within the `astronomy-shop` namespace bundled into the application deployment.  We want these metrics to be shipped to Dynatrace as well.\n\n### `otlp` receiver\nhttps://github.com/open-telemetry/opentelemetry-collector/tree/main/receiver/otlpreceiver\n\nAdding the `otlp` receiver allows us to receive telemetry from otel exporters, such as agents and other collectors.\n\n```yaml\nconfig: |\n    receivers:\n      otlp:\n        protocols:\n          grpc:\n            endpoint: 0.0.0.0:4317\n          http:\n            endpoint: 0.0.0.0:4318\n    service:\n      pipelines:\n        metrics:\n          receivers: [otlp]\n          processors: [batch]\n          exporters: [otlphttp/dynatrace]\n```\n\n### Export OpenTelemetry data from `astronomy-shop` to OpenTelemetry Collector - Contrib Distro\n\n### Customize astronomy-shop helm values\n\nOpenTelemetry data created by agents and SDKs should include `service.name` and `service.namespace` attributes.  We will make the `service.namespace` unique to our deployment using our `NAME` environment variable declared earlier, using a `sed` command on the Helm chart's `values.yaml` file.\n\n```yaml\ndefault:\n  # List of environment variables applied to all components\n  env:\n    - name: OTEL_SERVICE_NAME\n      valueFrom:\n        fieldRef:\n          apiVersion: v1\n          fieldPath: \"metadata.labels['app.kubernetes.io/component']\"\n    - name: OTEL_COLLECTOR_NAME\n      value: '{{ include \"otel-demo.name\" . }}-otelcol'\n    - name: OTEL_EXPORTER_OTLP_METRICS_TEMPORALITY_PREFERENCE\n      value: cumulative\n    - name: OTEL_RESOURCE_ATTRIBUTES\n      value: 'service.name=$(OTEL_SERVICE_NAME),service.namespace=NAME_TO_REPLACE,service.version={{ .Chart.AppVersion }}'\n```\n> service.namespace=NAME_TO_REPLACE\\\n> service.namespace=INITIALS-k8s-otel-o11y\n\nCommand:\n```sh\nsed -i \"s,NAME_TO_REPLACE,$NAME,\" astronomy-shop/collector-values.yaml\n```\n\n### Update `astronomy-shop` OpenTelemetry Collector export endpoint via helm\n\nOur `collector-values.yaml` contains new configurations for the application so that the `astronomy-shop` Collector includes exporters that ship to the Collectors deployed in the `dynatrace` namespace.\n\n```yaml\nexporters:\n  # Dynatrace OTel Collectors\n  otlphttp/dttraces:\n    endpoint: http://dynatrace-traces-collector.dynatrace.svc.cluster.local:4318\n  otlphttp/dtlogs:\n    endpoint: http://dynatrace-logs-collector.dynatrace.svc.cluster.local:4318\n  otlphttp/dtmetrics:\n    endpoint: http://dynatrace-metrics-cluster-collector.dynatrace.svc.cluster.local:4318\n```\n\nCommand:\n```sh\nhelm upgrade astronomy-shop open-telemetry/opentelemetry-demo --values astronomy-shop/collector-values.yaml --namespace astronomy-shop --version \"0.31.0\"\n```\nSample output:\n> NAME: astronomy-shop\\\n> LAST DEPLOYED: Thu Jun 27 20:58:38 2024\\\n> NAMESPACE: astronomy-shop\\\n> STATUS: deployed\\\n> REVISION: 2\n\n### Query `astronomy-shop` metrics in Dynatrace\nDQL:\n```sql\ntimeseries jvm_mem_used = avg(jvm.memory.used), by: {service.name, k8s.cluster.name}, filter: {k8s.namespace.name == \"astronomy-shop\"}\n```\nResult:\n\n![dql_sdk_jvm_mem](https://university.dynatrace.com/assets/49339/metrics-dql_sdk_jvm_mem.png)\n\nDQL:\n```sql\ntimeseries avg(kafka.consumer.request_rate), by: {service.name, k8s.cluster.name}, filter: {k8s.namespace.name == \"astronomy-shop\"}\n```\nResult:\n\n![dql_sdk_kafka_request_rate](https://university.dynatrace.com/assets/49339/metrics-dql_sdk_kafka_request_rate.png)\n\n### Browse available metrics in Dynatrace\nYou can browse all available metrics from OpenTelemetry sources in the Metrics Browser.  Filter on `Dimension:otel.scope.name` to find relevant metrics.\n\nhttps://docs.dynatrace.com/docs/observe-and-explore/dashboards-classic/metrics-browser\n\n![dt_otel_scope_metrics](https://university.dynatrace.com/assets/49339/metrics-dt_otel_scope_metrics.png)"},{"id":"4","type":"markdown","markdown":"\n### What You Learned Today \nBy completing this lab, you've successfully deployed the OpenTelemetry Collector to collect metrics, enrich metric attributes for better context, and ship those metrics to Dynatrace for analysis.\n- One Community Contrib Distro OpenTelemetry Collector was deployed as a DaemonSet, behaving as an Agent running on each Node\n    * The `kubeletstats` receiver scrapes metrics from the local kubelet on the Node\n    * The `k8sattributes` processor enriches the metrics with Kubernetes attributes that may be missing without it\n- A second Community Contrib Distro OpenTelemetry Collector was deployed as a Deployment, behaving as a Gateway\n    * The `k8s_cluster` receiver queries the Kubernetes cluster API to retrieve metrics\n    * The `k8sattributes` processor enriches the metrics with Kubernetes attributes that may be missing without it\n    * The `otlp` receiver receives signals that are exported from agents, SDKs, and other Collectors\n- Metrics produced by the OpenTelemetry SDKs and Agents are exported to the `otlp` receiver\n- Dynatrace DQL (via Notebooks) allows you to perform powerful queries and analysis of the metric data"}]}