{"version":1,"defaultTimeframe":{"from":"now-2h","to":"now"},"sections":[{"id":"0","type":"markdown","markdown":"In this lab we'll utilize the OpenTelemetry Collector deployed as a DaemonSet (Node Agent) to collect pod/container logs from a Kubernetes cluster and ship them to Dynatrace.  Additionally, we'll deploy the OpenTelemetry Collector as a Deployment (Gateway) to watch Kubernetes Events from the Cluster and ship them to Dynatrace.\n\nLab tasks:\n1. Deploy OpenTelemetry Collector as a DaemonSet\n2. Deploy OpenTelemetry Collector as a Deployment\n3. Configure OpenTelemetry Collector service pipeline for log enrichment\n4. Query and visualize logs in Dynatrace using DQL\n\n![astronomy-shop logs](https://university.dynatrace.com/assets/49339/logs-astronomy-shop_logs.png)"},{"id":"1","type":"markdown","markdown":"\n### Import Notebook into Dynatrace\n\n[Notebook](https://github.com/popecruzdt/dt-k8s-otel-o11y-logs/blob/code-spaces/dt-k8s-otel-o11y-logs_dt_notebook.json)\n\n### Define workshop user variables\nIn your Github Codespaces Terminal:\n```\nDT_ENDPOINT=https://{your-environment-id}.live.dynatrace.com/api/v2/otlp\nDT_API_TOKEN={your-api-token}\nNAME=<INITIALS>-k8s-otel-o11y\n```\n### Move into home directory\nCommand:\n```sh\ncd ~\n```\n\n### Clone the `code-spaces` branch to your Codespaces instance\nCommand:\n```sh\ngit clone --single-branch --branch code-spaces https://github.com/popecruzdt/dt-k8s-otel-o11y-logs.git\n```\n\n### Move into the base directory\nCommand:\n```sh\ncd dt-k8s-otel-o11y-logs\n```"},{"id":"2","type":"markdown","markdown":"https://docs.dynatrace.com/docs/extend-dynatrace/opentelemetry/collector/deployment\n\n### Deploy OpenTelemetry Collector\n\n### Dynatrace Distro - Daemonset (Node Agent)\nhttps://docs.dynatrace.com/docs/extend-dynatrace/opentelemetry/collector/deployment#tabgroup--dynatrace-docs--agent\n\nPod (and container) logs are written to the filesystem of the Node where the pod is running.  Therefore the Collector must be deployed as a Daemonset to read the log files on the local Node.\n\n```yaml\n---\napiVersion: opentelemetry.io/v1alpha1\nkind: OpenTelemetryCollector\nmetadata:\n  name: dynatrace-logs\n  namespace: dynatrace\nspec:\n  envFrom:\n  - secretRef:\n      name: dynatrace-otelcol-dt-api-credentials\n  mode: \"daemonset\"\n  image: \"ghcr.io/dynatrace/dynatrace-otel-collector/dynatrace-otel-collector:latest\"\n```\nCommand:\n```sh\nkubectl apply -f opentelemetry/collector/logs/otel-collector-logs-crd-01.yaml\n```\nSample output:\n> opentelemetrycollector.opentelemetry.io/dynatrace-logs created\n\n### Validate running pod(s)\nCommand:\n```sh\nkubectl get pods -n dynatrace\n```\nSample output:\n| NAME                             | READY | STATUS  | RESTARTS | AGE |\n|----------------------------------|-------|---------|----------|-----|\n| dynatrace-logs-collector-8q8tz   | 1/1   | Running | 0        | 1m  |\n\n### `filelog` receiver\nhttps://opentelemetry.io/docs/kubernetes/collector/components/#filelog-receiver\n\nThe Filelog Receiver tails and parses logs from files. Although it’s not a Kubernetes-specific receiver, it is still the de facto solution for collecting any logs from Kubernetes.  Logs from the Kubernetes Node's filesystem will be read from the Collector running on that Node.  This is why the Collector is deployed as a Daemonset and not a Deployment (or Sidecar).\n\nThe Filelog Receiver is composed of Operators that are chained together to process a log. Each Operator performs a simple responsibility, such as parsing a timestamp or JSON. Configuring a Filelog Receiver is not trivial.  Refer to the documentation for details.\n\n```yaml\nconfig: |\n    receivers:\n      filelog:\n        ...\n    service:\n      pipelines:\n        logs:\n          receivers: [filelog]\n          processors: [batch]\n          exporters: [otlphttp/dynatrace]\n```\n\n### Query logs in Dynatrace\nDQL:\n```sql\nfetch logs\n| filter isNotNull(log.file.path) and isNotNull(log)\n| sort timestamp desc\n| limit 100\n| fields timestamp, loglevel, status, k8s.namespace.name, k8s.pod.name, k8s.container.name, content, log.file.path\n```\nResult:\n\n![dql_filelog_receiver](https://university.dynatrace.com/assets/49339/logs-dql_filelog_receiver.png)\n\n## k8sattributes Processor\n\n### Add Kubernetes Attributes with the `k8sattributes` Processor\n\nThe Kubernetes Attributes Processor automatically discovers Kubernetes pods, extracts their metadata, and adds the extracted metadata to spans, metrics, and logs as resource attributes.\n\nThe Kubernetes Attributes Processor is one of the most important components for a collector running in Kubernetes. Any collector receiving application data should use it. Because it adds Kubernetes context to your telemetry, the Kubernetes Attributes Processor lets you correlate your application’s traces, metrics, and logs signals with your Kubernetes telemetry, such as pod metrics and traces.\n\n### Create `clusterrole` with read access to Kubernetes objects\n\nSince the processor uses the Kubernetes API, it needs the correct permission to work correctly. For most use cases, you should give the service account running the collector the following permissions via a ClusterRole.\n\n```yaml\n---\napiVersion: rbac.authorization.k8s.io/v1\nkind: ClusterRole\nmetadata:\n  name: otel-collector-k8s-clusterrole-logs\nrules:\n- apiGroups: [\"\"]\n  resources: [\"pods\", \"namespaces\", \"nodes\"]\n  verbs: [\"get\", \"watch\", \"list\"]\n- apiGroups: [\"apps\"]\n  resources: [\"replicasets\"]\n  verbs: [\"get\", \"list\", \"watch\"]\n- apiGroups: [\"extensions\"]\n  resources: [\"replicasets\"]\n  verbs: [\"get\", \"list\", \"watch\"]\n```\nCommand:\n```sh\nkubectl apply -f opentelemetry/rbac/otel-collector-k8s-clusterrole-logs.yaml\n```\nSample output:\n> clusterrole.rbac.authorization.k8s.io/otel-collector-k8s-clusterrole-logs created\n\n### Create `clusterrolebinding` for OpenTelemetry Collector service account\n```yaml\n---\napiVersion: rbac.authorization.k8s.io/v1\nkind: ClusterRoleBinding\nmetadata:\n  name: otel-collector-k8s-clusterrole-logs-crb\nsubjects:\n- kind: ServiceAccount\n  name: dynatrace-logs-collector\n  namespace: dynatrace\nroleRef:\n  kind: ClusterRole\n  name: otel-collector-k8s-clusterrole-logs\n  apiGroup: rbac.authorization.k8s.io\n```\nCommand:\n```sh\nkubectl apply -f opentelemetry/rbac/otel-collector-k8s-clusterrole-logs-crb.yaml\n```\nSample output:\n> clusterrolebinding.rbac.authorization.k8s.io/otel-collector-k8s-clusterrole-logs-crb created\n\n### Add `k8sattributes` processor\nhttps://opentelemetry.io/docs/kubernetes/collector/components/#kubernetes-attributes-processor\n\nThe `k8sattributes` processor will query metadata from the cluster about the k8s objects.  The Collector will then marry this metadata to the telemetry.\n\n```yaml\nk8sattributes:\n    auth_type: \"serviceAccount\"\n    passthrough: false\n        filter:\n        node_from_env_var: KUBE_NODE_NAME\n    extract:\n        metadata:\n            - k8s.namespace.name\n            - k8s.deployment.name\n            - k8s.daemonset.name\n            - k8s.job.name\n            - k8s.cronjob.name\n            - k8s.replicaset.name\n            - k8s.statefulset.name\n            - k8s.pod.name\n            - k8s.pod.uid\n            - k8s.node.name\n            - k8s.container.name\n            - container.id\n            - container.image.name\n            - container.image.tag\n        labels:\n        - tag_name: app.label.component\n            key: app.kubernetes.io/component\n            from: pod\n    pod_association:\n        - sources:\n            - from: resource_attribute\n              name: k8s.pod.uid\n        - sources:\n            - from: resource_attribute\n              name: k8s.pod.name\n        - sources:\n            - from: resource_attribute\n              name: k8s.pod.ip\n        - sources:\n            - from: connection\n```\nCommand:\n```sh\nkubectl apply -f opentelemetry/collector/logs/otel-collector-logs-crd-02.yaml\n```\nSample output:\n> opentelemetrycollector.opentelemetry.io/dynatrace-logs configured\n\n### Validate running pod(s)\nCommand:\n```sh\nkubectl get pods -n dynatrace\n```\nSample output:\n| NAME                             | READY | STATUS  | RESTARTS | AGE |\n|----------------------------------|-------|---------|----------|-----|\n| dynatrace-logs-collector-dns4x   | 1/1   | Running | 0        | 1m  |\n\n### Query logs in Dynatrace\nDQL:\n```sql\nfetch logs\n| filter k8s.namespace.name == \"astronomy-shop\" and isNotNull(k8s.deployment.name)\n| sort timestamp desc\n| limit 100\n| fields timestamp, loglevel, status, k8s.namespace.name, k8s.deployment.name, k8s.pod.name, k8s.container.name, app.label.component, content\n```\nResult:\n\n![dql_k8sattributes_processor](https://university.dynatrace.com/assets/49339/logs-dql_k8sattributes_processor.png)\n\n## resourcedetection Processor\n\nThe resource detection processor can be used to detect resource information from the host, in a format that conforms to the OpenTelemetry resource semantic conventions, and append or override the resource value in telemetry data with this information.  Detectors are available for AWS, Azure, GCP, and several other platforms; see the documentation for more details.\n\nThis processor is a great plugin for adding attributes such as `cloud.account.id` and `k8s.cluster.name` to the telemetry.\n\n### Add `resourcedetection` processor\nhttps://github.com/open-telemetry/opentelemetry-collector-contrib/blob/main/processor/resourcedetectionprocessor/README.md#gcp-metadata\n```yaml\nprocessors:\n  resourcedetection/gcp:\n    detectors: [env, gcp]\n    timeout: 2s\n    override: false\n```\n\n**note:** for this lab, the Kind cluster does not have cloud metadata to collect.  These values will be spoofed for the purposes of this lab.\n```yaml\nresource/kind:\n  attributes:\n  - key: cloud.account.id\n    value: dt-k8s-o11y-account\n    action: insert\n  - key: k8s.cluster.name\n    value: dt-k8s-o11y-kind\n    action: insert\n```\n\nCommand:\n```sh\nkubectl apply -f opentelemetry/collector/logs/otel-collector-logs-crd-03.yaml\n```\nSample output:\n> opentelemetrycollector.opentelemetry.io/dynatrace-logs configured\n\n### Validate running pod(s)\nCommand:\n```sh\nkubectl get pods -n dynatrace\n```\nSample output:\n| NAME                             | READY | STATUS  | RESTARTS | AGE |\n|----------------------------------|-------|---------|----------|-----|\n| dynatrace-logs-collector-fbtk5   | 1/1   | Running | 0        | 1m  |\n\n### Query logs in Dynatrace\nDQL:\n```sql\nfetch logs\n| filter isNotNull(cloud.account.id) and isNotNull(k8s.cluster.name)\n| filter k8s.namespace.name == \"astronomy-shop\" and isNotNull(k8s.deployment.name)\n| sort timestamp desc\n| limit 100\n| fields timestamp, loglevel, status, cloud.account.id, k8s.cluster.name, k8s.namespace.name, k8s.deployment.name, content\n```\nResult:\n\n![dql_resourcedetection_processor](https://university.dynatrace.com/assets/49339/logs-dql_resourcedetection_processor.png)\n\n## resource Processor\n\n### Add `resource` processor (attributes)\nhttps://github.com/open-telemetry/opentelemetry-collector-contrib/tree/main/processor/resourceprocessor\n\nThe `resource` processor allows us to directly add, remove, or change resource attributes on the telemetry.  View the documentation for more details.\n\nWe will use this processor to make the follow changes to our telemetry:\n* `k8s.pod.ip` values in our log data are either the same or invalid; delete the useless attribute\n* `telemetry.sdk.name` set to `opentelemetry` will allow us to easily identify logs captured through OpenTelemetry\n* `dynatrace.otel.collector` is a non-standardized attribute that we made up to help us identify which Collector captured this data\n* `dt.security_context` is a Dynatrace specific attribute that we use to manage user permissions to the telemetry\n    * This could also be set using OpenPipeline, but this puts control of this attribute's value at the app/infra layer (optionally)\n\n```yaml\nprocessors:\n    resource:\n        attributes:\n        - key: k8s.pod.ip\n          action: delete\n        - key: telemetry.sdk.name\n          value: opentelemetry\n          action: insert\n        - key: dynatrace.otel.collector\n          value: dynatrace-logs\n          action: insert\n        - key: dt.security_context\n          from_attribute: k8s.cluster.name\n          action: insert\n```\nCommand:\n```sh\nkubectl apply -f opentelemetry/collector/logs/otel-collector-logs-crd-04.yaml\n```\nSample output:\n> opentelemetrycollector.opentelemetry.io/dynatrace-logs configured\n\n### Validate running pod(s)\nCommand:\n```sh\nkubectl get pods -n dynatrace\n```\nSample output:\n| NAME                             | READY | STATUS  | RESTARTS | AGE |\n|----------------------------------|-------|---------|----------|-----|\n| dynatrace-logs-collector-xx6km   | 1/1   | Running | 0        | 1m  |\n\n### Query logs in Dynatrace\nDQL:\n```sql\nfetch logs\n| filter isNotNull(dt.security_context)\n| filter isNotNull(cloud.account.id) and isNotNull(k8s.cluster.name)\n| filter k8s.namespace.name == \"astronomy-shop\" and isNotNull(k8s.deployment.name)\n| sort timestamp desc\n| limit 100\n| fields timestamp, loglevel, status, dt.security_context, dynatrace.otel.collector, cloud.account.id, k8s.cluster.name, k8s.namespace.name, k8s.deployment.name, content\n```\nResult:\n\n![dql_resource_processor](https://university.dynatrace.com/assets/49339/logs-dql_resource_processor.png)\n\n## Export to OTLP Receiver\n\nThe `astronomy-shop` demo application has the OpenTelemetry agents and SDKs already instrumented.  These agents and SDKs are generating logs (traces and metrics too) that are being exported to a Collector running within the `astronomy-shop` namespace bundled into the application deployment.  We want these logs to be shipped to Dynatrace as well.\n\n### `otlp` receiver\nhttps://github.com/open-telemetry/opentelemetry-collector/tree/main/receiver/otlpreceiver\n\nAdding the `otlp` receiver allows us to receive telemetry from otel exporters, such as agents and other collectors.\n```yaml\nconfig: |\n    receivers:\n      otlp:\n        protocols:\n          grpc:\n            endpoint: 0.0.0.0:4317\n          http:\n            endpoint: 0.0.0.0:4318\n    service:\n      pipelines:\n        logs:\n          receivers: [otlp]\n          processors: [batch]\n          exporters: [otlphttp/dynatrace]\n```\n\nCommand:\n```sh\nkubectl apply -f opentelemetry/collector/logs/otel-collector-logs-crd-05.yaml\n```\nSample output:\n> opentelemetrycollector.opentelemetry.io/dynatrace-logs configured\n\n### Validate running pod(s)\nCommand:\n```sh\nkubectl get pods -n dynatrace\n```\nSample output:\n| NAME                             | READY | STATUS  | RESTARTS | AGE |\n|----------------------------------|-------|---------|----------|-----|\n| dynatrace-logs-collector-gu0rm   | 1/1   | Running | 0        | 1m  |\n\n### Customize astronomy-shop helm values\n\nOpenTelemetry data created by agents and SDKs should include `service.name` and `service.namespace` attributes.  We will make the `service.namespace` unique to our deployment using our `NAME` environment variable declared earlier, using a `sed` command on the Helm chart's `values.yaml` file.\n\n```yaml\ndefault:\n  # List of environment variables applied to all components\n  env:\n    - name: OTEL_SERVICE_NAME\n      valueFrom:\n        fieldRef:\n          apiVersion: v1\n          fieldPath: \"metadata.labels['app.kubernetes.io/component']\"\n    - name: OTEL_COLLECTOR_NAME\n      value: '{{ include \"otel-demo.name\" . }}-otelcol'\n    - name: OTEL_EXPORTER_OTLP_METRICS_TEMPORALITY_PREFERENCE\n      value: cumulative\n    - name: OTEL_RESOURCE_ATTRIBUTES\n      value: 'service.name=$(OTEL_SERVICE_NAME),service.namespace=NAME_TO_REPLACE,service.version={{ .Chart.AppVersion }}'\n```\n> service.namespace=NAME_TO_REPLACE\\\n> service.namespace=INITIALS-k8s-otel-o11y\n\nCommand:\n```sh\nsed -i \"s,NAME_TO_REPLACE,$NAME,\" astronomy-shop/collector-values.yaml\n```\n\n### Update `astronomy-shop` OpenTelemetry Collector export endpoint via helm\n\nOur `collector-values.yaml` contains new configurations for the application so that the `astronomy-shop` Collector includes exporters that ship to the Collectors deployed in the `dynatrace` namespace.\n\n```yaml\nexporters:\n  # Dynatrace OTel Collectors\n  otlphttp/dttraces:\n    endpoint: http://dynatrace-traces-collector.dynatrace.svc.cluster.local:4318\n  otlphttp/dtlogs:\n    endpoint: http://dynatrace-logs-collector.dynatrace.svc.cluster.local:4318\n  otlphttp/dtmetrics:\n    endpoint: http://dynatrace-metrics-cluster-collector.dynatrace.svc.cluster.local:4318\n```\n\nCommand:\n```sh\nhelm upgrade astronomy-shop open-telemetry/opentelemetry-demo --values astronomy-shop/collector-values.yaml --namespace astronomy-shop --version \"0.31.0\"\n```\nSample output:\n> NAME: astronomy-shop\\\n> LAST DEPLOYED: Thu Jun 27 20:58:38 2024\\\n> NAMESPACE: astronomy-shop\\\n> STATUS: deployed\\\n> REVISION: 2\n\n### Query logs in Dynatrace\nDQL:\n```sql\nfetch logs\n| filter k8s.namespace.name == \"astronomy-shop\" and isNotNull(service.name)\n| sort timestamp desc\n| limit 100\n| fields timestamp, content, k8s.cluster.name, k8s.pod.name, service.namespace, service.name, telemetry.sdk.language, otel.scope.name\n```\nResult:\n\n![dql_otel_sdk_logs](https://university.dynatrace.com/assets/49339/logs-dql_otel_sdk_logs.png)"},{"id":"3","type":"markdown","markdown":"https://docs.dynatrace.com/docs/extend-dynatrace/opentelemetry/collector/deployment\n\nThe Kubernetes Objects receiver collects, either by pulling or watching, objects from the Kubernetes API server. The most common use case for this receiver is watching Kubernetes events, but it can be used to collect any type of Kubernetes object.\n\n### Add `k8sobjects` receiver to collect Kubernetes events as logs\nhttps://opentelemetry.io/docs/kubernetes/collector/components/#kubernetes-objects-receiver\n\nOur goal is to capture any events related to the `astronomy-shop` and `dynatrace` namespaces.\n\n```yaml\nreceivers:\n  k8sobjects/events:\n    auth_type: serviceAccount\n    objects:\n      - name: events\n        mode: watch\n        namespaces: [astronomy-shop,dynatrace]\n```\n\nThe `k8sobjects` receiver is only available on the Contrib Distro of the OpenTelemetry Collector.  Therefore we must deploy a new Collector using the `contrib` image.\n\n### Create `clusterrole` with read access to Kubernetes events\n\nSince the processor uses the Kubernetes API, it needs the correct permission to work correctly. Since service accounts are the only authentication option you must give the service account the proper access. For any object you want to collect you need to ensure the name is added to the cluster role. \n\n```yaml\n---\napiVersion: rbac.authorization.k8s.io/v1\nkind: ClusterRole\nmetadata:\n  name: otel-collector-k8s-clusterrole-events\nrules:\n- apiGroups: [\"\"]\n  resources: [\"events\"]\n  verbs: [\"get\", \"watch\", \"list\"]\n```\nCommand:\n```sh\nkubectl apply -f opentelemetry/rbac/otel-collector-k8s-clusterrole-events.yaml\n```\nSample output:\n> clusterrole.rbac.authorization.k8s.io/otel-collector-k8s-clusterrole-events created\n\n### Create `clusterrolebinding` for OpenTelemetry Collector service account\n```yaml\n---\napiVersion: rbac.authorization.k8s.io/v1\nkind: ClusterRoleBinding\nmetadata:\n  name: otel-collector-k8s-clusterrole-events-crb\nsubjects:\n- kind: ServiceAccount\n  name: dynatrace-events-collector\n  namespace: dynatrace\nroleRef:\n  kind: ClusterRole\n  name: otel-collector-k8s-clusterrole-events\n  apiGroup: rbac.authorization.k8s.io\n```\nCommand:\n```sh\nkubectl apply -f opentelemetry/rbac/otel-collector-k8s-clusterrole-events-crb.yaml\n```\nSample output:\n> clusterrolebinding.rbac.authorization.k8s.io/otel-collector-k8s-clusterrole-events-crb created\n\n### Add `k8sobjects` receiver to collect Kubernetes events as logs\nhttps://opentelemetry.io/docs/kubernetes/collector/components/#kubernetes-objects-receiver\n```yaml\nreceivers:\n  k8sobjects/events:\n    auth_type: serviceAccount\n    objects:\n      - name: events\n        mode: watch\n        namespaces: [astronomy-shop,dynatrace]\n```\n\n### Deploy OpenTelemetry Collector - Contrib Distro - Deployment (Gateway)\nhttps://github.com/open-telemetry/opentelemetry-operator\n\nSince the receiver gathers telemetry for the cluster as a whole, only one instance of the receiver is needed across the cluster in order to collect all the data.\n\n```yaml\n---\napiVersion: opentelemetry.io/v1alpha1\nkind: OpenTelemetryCollector\nmetadata:\n  name: dynatrace-events\n  namespace: dynatrace\nspec:\n  envFrom:\n  - secretRef:\n      name: dynatrace-otelcol-dt-api-credentials\n  mode: \"deployment\"\n  image: \"otel/opentelemetry-collector-contrib:0.103.0\"\n```\nCommand:\n```sh\nkubectl apply -f opentelemetry/collector/events/otel-collector-events-crd-01.yaml\n```\nSample output:\n> opentelemetrycollector.opentelemetry.io/dynatrace-events created\n\n### Validate running pod(s)\nCommand:\n```sh\nkubectl get pods -n dynatrace\n```\nSample output:\n| NAME                             | READY | STATUS  | RESTARTS | AGE |\n|----------------------------------|-------|---------|----------|-----|\n| dynatrace-events-collector-559d5b9d77-rb26d   | 1/1   | Running | 0        | 1m  |\n\n## Generate Events\n\n### Generate events using deployment scale command\nhttps://kubernetes.io/docs/reference/kubectl/generated/kubectl_scale/\n\nWe can generate new Kubernetes events related to the `astronomy-shop` namespace by scaling a deployment up and then scaling it back down.\n\nCommand:\n```sh\nkubectl scale deployment astronomy-shop-imageprovider -n astronomy-shop --replicas=2\n```\nSample output:\n> deployment.apps/astronomy-shop-imageprovider scaled\n\nCommand:\n```sh\nkubectl scale deployment astronomy-shop-imageprovider -n astronomy-shop --replicas=1\n```\nSample output:\n> deployment.apps/astronomy-shop-imageprovider scaled\n\n### Query logs in Dynatrace\nDQL:\n```sql\nfetch logs\n| filter dynatrace.otel.collector == \"dynatrace-events\" and event.domain == \"k8s\" and k8s.resource.name == \"events\"\n| filter object.metadata.namespace == \"astronomy-shop\"\n| sort timestamp desc\n| limit 100\n| fields timestamp, k8s.cluster.name, {object.metadata.namespace, alias: k8s.namespace.name}, object.message, object.reason, event.name\n```\nResult:\n\n![dql_k8s_events](https://university.dynatrace.com/assets/49339/logs-dql_k8s_events.png)"},{"id":"4","type":"markdown","markdown":"\n### What You Learned Today \nBy completing this lab, you've successfully deployed the OpenTelemetry Collector to collect logs, enrich log attributes for better context, and ship those logs to Dynatrace for analysis.\n- The OpenTelemetry Collector was deployed as a DaemonSet, behaving as an Agent running on each Node\n- The Dynatrace Distro of OpenTelemetry Collector includes supported modules needed to ship logs to Dynatrace\n    * The `filelog` receiver scrapes logs from the Node filesystem and parses the contents\n    * The `otlp` receiver receives logs that are exported from agents, SDKs, and other Collectors\n    * The `k8sattributes` processor enriches the logs with Kubernetes attributes\n    * The `resourcedetection` processor enriches the logs with cloud and cluster attributes\n    * The `resource` processor enriches the logs with custom (resource) attributes\n- The Community Contrib Distro of OpenTelemetry Collector includes modules needed to ship events to Dynatrace\n    * The `k8sobjects` receiver watches for Kubernetes events (and other resources) on the cluster\n- Dynatrace DQL (via Notebooks) allows you to perform powerful queries and analysis of the log data"}]}